[
  {
    "metadata": {
      "id": "d3836729-9cc1-42c1-b2af-d50071f57d29",
      "publisherId": "formulahendry.auto-close-tag",
      "publisherDisplayName": "formulahendry"
    },
    "name": "auto-close-tag",
    "publisher": "formulahendry",
    "version": "0.5.10"
  },
  {
    "metadata": {
      "id": "6e440e71-8ed9-4f25-bb78-4b13096b8a03",
      "publisherId": "formulahendry.auto-rename-tag",
      "publisherDisplayName": "formulahendry"
    },
    "name": "auto-rename-tag",
    "publisher": "formulahendry",
    "version": "0.1.6"
  },
  {
    "metadata": {
      "id": "f583eafd-aa0d-4ccb-8f44-d1e610389660",
      "publisherId": "CoenraadS.bracket-pair-colorizer",
      "publisherDisplayName": "CoenraadS"
    },
    "name": "bracket-pair-colorizer",
    "publisher": "CoenraadS",
    "version": "1.0.61"
  },
  {
    "metadata": {
      "id": "e337c67b-55c2-4fef-8949-eb260e7fb7fd",
      "publisherId": "Shan.code-settings-sync",
      "publisherDisplayName": "Shan"
    },
    "name": "code-settings-sync",
    "publisher": "Shan",
    "version": "3.4.3"
  },
  {
    "metadata": {
      "id": "f6dbd813-b0a0-42c1-90ea-10dde9d925a7",
      "publisherId": "streetsidesoftware.code-spell-checker",
      "publisherDisplayName": "streetsidesoftware"
    },
    "name": "code-spell-checker",
    "publisher": "streetsidesoftware",
    "version": "1.10.2"
  },
  {
    "metadata": {
      "id": "121396ad-85a1-45ec-9fd1-d95028a847f5",
      "publisherId": "naumovs.color-highlight",
      "publisherDisplayName": "naumovs"
    },
    "name": "color-highlight",
    "publisher": "naumovs",
    "version": "2.3.0"
  },
  {
    "metadata": {
      "id": "1ec62ca5-d7f9-4ddb-a882-e8d018c0aefd",
      "publisherId": "msjsdiag.debugger-for-chrome",
      "publisherDisplayName": "msjsdiag"
    },
    "name": "debugger-for-chrome",
    "publisher": "msjsdiag",
    "version": "4.12.12"
  },
  {
    "metadata": {
      "id": "4de763bd-505d-4978-9575-2b7696ecf94e",
      "publisherId": "eamodio.gitlens",
      "publisherDisplayName": "eamodio"
    },
    "name": "gitlens",
    "publisher": "eamodio",
    "version": "11.2.1"
  },
  {
    "metadata": {
      "id": "aae00486-7e92-42b3-91b0-2b419e4f3875",
      "publisherId": "vincaslt.highlight-matching-tag",
      "publisherDisplayName": "vincaslt"
    },
    "name": "highlight-matching-tag",
    "publisher": "vincaslt",
    "version": "0.10.1"
  },
  {
    "metadata": {
      "id": "f30b63fa-e34a-40af-a573-5de5ecfb6c5e",
      "publisherId": "k--kato.intellij-idea-keybindings",
      "publisherDisplayName": "k--kato"
    },
    "name": "intellij-idea-keybindings",
    "publisher": "k--kato",
    "version": "1.3.0"
  },
  {
    "metadata": {
      "id": "a2cec723-5349-460d-9de9-0fd1f8d3456f",
      "publisherId": "xabikos.JavaScriptSnippets",
      "publisherDisplayName": "xabikos"
    },
    "name": "JavaScriptSnippets",
    "publisher": "xabikos",
    "version": "1.8.0"
  },
  {
    "metadata": {
      "id": "b63c44fd-0457-4696-99e9-dbfdf70d77de",
      "publisherId": "ritwickdey.LiveServer",
      "publisherDisplayName": "ritwickdey"
    },
    "name": "LiveServer",
    "publisher": "ritwickdey",
    "version": "5.6.1"
  },
  {
    "metadata": {
      "id": "96fa4707-6983-4489-b7c5-d5ffdfdcce90",
      "publisherId": "esbenp.prettier-vscode",
      "publisherDisplayName": "esbenp"
    },
    "name": "prettier-vscode",
    "publisher": "esbenp",
    "version": "5.8.0"
  },
  {
    "metadata": {
      "id": "e05d98bf-3735-4c1e-9fae-86ef0a52e19f",
      "publisherId": "quicktype.quicktype",
      "publisherDisplayName": "quicktype"
    },
    "name": "quicktype",
    "publisher": "quicktype",
    "version": "12.0.46"
  },
  {
    "metadata": {
      "id": "797a79de-a0fd-4349-9034-bec47be9a941",
      "publisherId": "2gua.rainbow-brackets",
      "publisherDisplayName": "2gua"
    },
    "name": "rainbow-brackets",
    "publisher": "2gua",
    "version": "0.0.6"
  },
  {
    "metadata": {
      "id": "dda49fd5-1f3b-4d25-bf61-4fc41905ede5",
      "publisherId": "humao.rest-client",
      "publisherDisplayName": "humao"
    },
    "name": "rest-client",
    "publisher": "humao",
    "version": "0.24.5"
  },
  {
    "metadata": {
      "id": "38583aca-2ba1-417f-80fc-68ca8d717fb4",
      "publisherId": "rbbit.typescript-hero",
      "publisherDisplayName": "rbbit"
    },
    "name": "typescript-hero",
    "publisher": "rbbit",
    "version": "3.0.0"
  },
  {
    "metadata": {
      "id": "45bfc9eb-5e03-487f-bffe-315fa6881d6a",
      "publisherId": "Equinusocio.vsc-material-theme",
      "publisherDisplayName": "Equinusocio"
    },
    "name": "vsc-material-theme",
    "publisher": "Equinusocio",
    "version": "33.2.2"
  },
  {
    "metadata": {
      "id": "6959958f-be4d-42c4-8aa4-dc2c2f086b0a",
      "publisherId": "equinusocio.vsc-material-theme-icons",
      "publisherDisplayName": "equinusocio"
    },
    "name": "vsc-material-theme-icons",
    "publisher": "equinusocio",
    "version": "2.0.10"
  },
  {
    "metadata": {
      "id": "9ccc1dd7-7ec4-4a46-bd4f-7d7b8b9d322a",
      "publisherId": "vscode-icons-team.vscode-icons",
      "publisherDisplayName": "vscode-icons-team"
    },
    "name": "vscode-icons",
    "publisher": "vscode-icons-team",
    "version": "11.5.0"
  },
  {
    "metadata": {
      "id": "66b3d158-f3cc-4b1b-acce-237ab336fe65",
      "publisherId": "planbcoding.vscode-react-refactor",
      "publisherDisplayName": "planbcoding"
    },
    "name": "vscode-react-refactor",
    "publisher": "planbcoding",
    "version": "1.1.3"
  },
  {
    "metadata": {
      "id": "6f5d4f30-67aa-4151-80c0-1bbe8ca5f9db",
      "publisherId": "cssho.vscode-svgviewer",
      "publisherDisplayName": "cssho"
    },
    "name": "vscode-svgviewer",
    "publisher": "cssho",
    "version": "2.0.0"
  },
  {
    "metadata": {
      "id": "97a08c5f-6667-4242-a5c5-045dfb6bd4b9",
      "publisherId": "wayou.vscode-todo-highlight",
      "publisherDisplayName": "wayou"
    },
    "name": "vscode-todo-highlight",
    "publisher": "wayou",
    "version": "1.0.4"
  },
  {
    "metadata": {
      "id": "90a37ca1-92a2-488a-b196-7a8c0b0127ea",
      "publisherId": "ms-vscode.vscode-typescript-tslint-plugin",
      "publisherDisplayName": "ms-vscode"
    },
    "name": "vscode-typescript-tslint-plugin",
    "publisher": "ms-vscode",
    "version": "1.3.3"
  }
]