{"ref":"c7e49f25-8187-4ed2-b42b-496735dd592e","content":"{\"version\":1,\"machineId\":\"296c7d24-ca25-47d6-a9a7-6e78714a5b78\",\"content\":\"{\\\"storage\\\":{\\\"workbench.activity.pinnedViewlets2\\\":{\\\"version\\\":1,\\\"value\\\":\\\"[{\\\\\\\"id\\\\\\\":\\\\\\\"workbench.view.explorer\\\\\\\",\\\\\\\"pinned\\\\\\\":true,\\\\\\\"visible\\\\\\\":true,\\\\\\\"order\\\\\\\":0},{\\\\\\\"id\\\\\\\":\\\\\\\"workbench.view.search\\\\\\\",\\\\\\\"pinned\\\\\\\":true,\\\\\\\"visible\\\\\\\":true,\\\\\\\"order\\\\\\\":1},{\\\\\\\"id\\\\\\\":\\\\\\\"workbench.view.scm\\\\\\\",\\\\\\\"pinned\\\\\\\":true,\\\\\\\"visible\\\\\\\":true,\\\\\\\"order\\\\\\\":2},{\\\\\\\"id\\\\\\\":\\\\\\\"workbench.view.debug\\\\\\\",\\\\\\\"pinned\\\\\\\":true,\\\\\\\"visible\\\\\\\":true,\\\\\\\"order\\\\\\\":2},{\\\\\\\"id\\\\\\\":\\\\\\\"workbench.view.remote\\\\\\\",\\\\\\\"pinned\\\\\\\":true,\\\\\\\"visible\\\\\\\":false,\\\\\\\"order\\\\\\\":4},{\\\\\\\"id\\\\\\\":\\\\\\\"workbench.view.extensions\\\\\\\",\\\\\\\"pinned\\\\\\\":true,\\\\\\\"visible\\\\\\\":true,\\\\\\\"order\\\\\\\":4},{\\\\\\\"id\\\\\\\":\\\\\\\"workbench.view.extension.test\\\\\\\",\\\\\\\"pinned\\\\\\\":true,\\\\\\\"visible\\\\\\\":false,\\\\\\\"order\\\\\\\":6},{\\\\\\\"id\\\\\\\":\\\\\\\"workbench.view.extension.references-view\\\\\\\",\\\\\\\"pinned\\\\\\\":true,\\\\\\\"visible\\\\\\\":false,\\\\\\\"order\\\\\\\":7},{\\\\\\\"id\\\\\\\":\\\\\\\"workbench.view.extension.cspell-explorer\\\\\\\",\\\\\\\"pinned\\\\\\\":true,\\\\\\\"visible\\\\\\\":false,\\\\\\\"order\\\\\\\":9},{\\\\\\\"id\\\\\\\":\\\\\\\"workbench.view.extension.gitlens\\\\\\\",\\\\\\\"pinned\\\\\\\":true,\\\\\\\"visible\\\\\\\":true,\\\\\\\"order\\\\\\\":8},{\\\\\\\"id\\\\\\\":\\\\\\\"workbench.view.sync\\\\\\\",\\\\\\\"pinned\\\\\\\":true,\\\\\\\"visible\\\\\\\":false}]\\\"},\\\"colorThemeData\\\":{\\\"version\\\":1,\\\"value\\\":\\\"{\\\\\\\"id\\\\\\\":\\\\\\\"vs-dark Equinusocio-vsc-material-theme-build-themes-Material-Theme-Ocean-json\\\\\\\",\\\\\\\"label\\\\\\\":\\\\\\\"Material Theme Ocean\\\\\\\",\\\\\\\"settingsId\\\\\\\":\\\\\\\"Material Theme Ocean\\\\\\\",\\\\\\\"themeTokenColors\\\\\\\":[{\\\\\\\"settings\\\\\\\":{\\\\\\\"background\\\\\\\":\\\\\\\"#0F111A\\\\\\\",\\\\\\\"foreground\\\\\\\":\\\\\\\"#A6ACCD\\\\\\\"}},{\\\\\\\"settings\\\\\\\":{\\\\\\\"foreground\\\\\\\":\\\\\\\"#C3E88D\\\\\\\"},\\\\\\\"scope\\\\\\\":\\\\\\\"string\\\\\\\"},{\\\\\\\"settings\\\\\\\":{\\\\\\\"foreground\\\\\\\":\\\\\\\"#89DDFF\\\\\\\"},\\\\\\\"scope\\\\\\\":\\\\\\\"punctuation, constant.other.symbol\\\\\\\"},{\\\\\\\"settings\\\\\\\":{\\\\\\\"foreground\\\\\\\":\\\\\\\"#A6ACCD\\\\\\\"},\\\\\\\"scope\\\\\\\":\\\\\\\"constant.character.escape, text.html constant.character.entity.named\\\\\\\"},{\\\\\\\"settings\\\\\\\":{\\\\\\\"foreground\\\\\\\":\\\\\\\"#ff9cac\\\\\\\"},\\\\\\\"scope\\\\\\\":\\\\\\\"constant.language.boolean\\\\\\\"},{\\\\\\\"settings\\\\\\\":{\\\\\\\"foreground\\\\\\\":\\\\\\\"#F78C6C\\\\\\\"},\\\\\\\"scope\\\\\\\":\\\\\\\"constant.numeric\\\\\\\"},{\\\\\\\"settings\\\\\\\":{\\\\\\\"foreground\\\\\\\":\\\\\\\"#A6ACCD\\\\\\\"},\\\\\\\"scope\\\\\\\":\\\\\\\"variable, variable.parameter, support.variable, variable.language, support.constant, meta.definition.variable entity.name.function, meta.function-call.arguments\\\\\\\"},{\\\\\\\"settings\\\\\\\":{\\\\\\\"foreground\\\\\\\":\\\\\\\"#F78C6C\\\\\\\"},\\\\\\\"scope\\\\\\\":\\\\\\\"keyword.other\\\\\\\"},{\\\\\\\"settings\\\\\\\":{\\\\\\\"foreground\\\\\\\":\\\\\\\"#89DDFF\\\\\\\"},\\\\\\\"scope\\\\\\\":\\\\\\\"keyword, modifier, variable.language.this, support.type.object, constant.language\\\\\\\"},{\\\\\\\"settings\\\\\\\":{\\\\\\\"foreground\\\\\\\":\\\\\\\"#82AAFF\\\\\\\"},\\\\\\\"scope\\\\\\\":\\\\\\\"entity.name.function, support.function\\\\\\\"},{\\\\\\\"settings\\\\\\\":{\\\\\\\"foreground\\\\\\\":\\\\\\\"#C792EA\\\\\\\"},\\\\\\\"scope\\\\\\\":\\\\\\\"storage.type, storage.modifier, storage.control\\\\\\\"},{\\\\\\\"settings\\\\\\\":{\\\\\\\"foreground\\\\\\\":\\\\\\\"#f07178\\\\\\\",\\\\\\\"fontStyle\\\\\\\":\\\\\\\"italic\\\\\\\"},\\\\\\\"scope\\\\\\\":\\\\\\\"support.module, support.node\\\\\\\"},{\\\\\\\"settings\\\\\\\":{\\\\\\\"foreground\\\\\\\":\\\\\\\"#FFCB6B\\\\\\\"},\\\\\\\"scope\\\\\\\":\\\\\\\"support.type, constant.other.key\\\\\\\"},{\\\\\\\"settings\\\\\\\":{\\\\\\\"foreground\\\\\\\":\\\\\\\"#FFCB6B\\\\\\\"},\\\\\\\"scope\\\\\\\":\\\\\\\"entity.name.type, entity.other.inherited-class, entity.other\\\\\\\"},{\\\\\\\"settings\\\\\\\":{\\\\\\\"foreground\\\\\\\":\\\\\\\"#464B5D\\\\\\\",\\\\\\\"fontStyle\\\\\\\":\\\\\\\"italic\\\\\\\"},\\\\\\\"scope\\\\\\\":\\\\\\\"comment\\\\\\\"},{\\\\\\\"settings\\\\\\\":{\\\\\\\"foreground\\\\\\\":\\\\\\\"#464B5D\\\\\\\",\\\\\\\"fontStyle\\\\\\\":\\\\\\\"italic\\\\\\\"},\\\\\\\"scope\\\\\\\":\\\\\\\"comment punctuation.definition.comment, string.quoted.docstring\\\\\\\"},{\\\\\\\"settings\\\\\\\":{\\\\\\\"foreground\\\\\\\":\\\\\\\"#89DDFF\\\\\\\"},\\\\\\\"scope\\\\\\\":\\\\\\\"punctuation\\\\\\\"},{\\\\\\\"settings\\\\\\\":{\\\\\\\"foreground\\\\\\\":\\\\\\\"#FFCB6B\\\\\\\"},\\\\\\\"scope\\\\\\\":\\\\\\\"entity.name, entity.name.type.class, support.type, support.class, meta.use\\\\\\\"},{\\\\\\\"settings\\\\\\\":{\\\\\\\"foreground\\\\\\\":\\\\\\\"#f07178\\\\\\\"},\\\\\\\"scope\\\\\\\":\\\\\\\"variable.object.property, meta.field.declaration entity.name.function\\\\\\\"},{\\\\\\\"settings\\\\\\\":{\\\\\\\"foreground\\\\\\\":\\\\\\\"#f07178\\\\\\\"},\\\\\\\"scope\\\\\\\":\\\\\\\"meta.definition.method entity.name.function\\\\\\\"},{\\\\\\\"settings\\\\\\\":{\\\\\\\"foreground\\\\\\\":\\\\\\\"#82AAFF\\\\\\\"},\\\\\\\"scope\\\\\\\":\\\\\\\"meta.function entity.name.function\\\\\\\"},{\\\\\\\"settings\\\\\\\":{\\\\\\\"foreground\\\\\\\":\\\\\\\"#89DDFF\\\\\\\"},\\\\\\\"scope\\\\\\\":\\\\\\\"template.expression.begin, template.expression.end, punctuation.definition.template-expression.begin, punctuation.definition.template-expression.end\\\\\\\"},{\\\\\\\"settings\\\\\\\":{\\\\\\\"foreground\\\\\\\":\\\\\\\"#A6ACCD\\\\\\\"},\\\\\\\"scope\\\\\\\":\\\\\\\"meta.embedded, source.groovy.embedded, meta.template.expression\\\\\\\"},{\\\\\\\"settings\\\\\\\":{\\\\\\\"foreground\\\\\\\":\\\\\\\"#f07178\\\\\\\"},\\\\\\\"scope\\\\\\\":\\\\\\\"entity.name.tag.yaml\\\\\\\"},{\\\\\\\"settings\\\\\\\":{\\\\\\\"foreground\\\\\\\":\\\\\\\"#f07178\\\\\\\"},\\\\\\\"scope\\\\\\\":\\\\\\\"meta.object-literal.key, meta.object-literal.key string, support.type.property-name.json\\\\\\\"},{\\\\\\\"settings\\\\\\\":{\\\\\\\"foreground\\\\\\\":\\\\\\\"#89DDFF\\\\\\\"},\\\\\\\"scope\\\\\\\":\\\\\\\"constant.language.json\\\\\\\"},{\\\\\\\"settings\\\\\\\":{\\\\\\\"foreground\\\\\\\":\\\\\\\"#FFCB6B\\\\\\\"},\\\\\\\"scope\\\\\\\":\\\\\\\"entity.other.attribute-name.class\\\\\\\"},{\\\\\\\"settings\\\\\\\":{\\\\\\\"foreground\\\\\\\":\\\\\\\"#F78C6C\\\\\\\"},\\\\\\\"scope\\\\\\\":\\\\\\\"entity.other.attribute-name.id\\\\\\\"},{\\\\\\\"settings\\\\\\\":{\\\\\\\"foreground\\\\\\\":\\\\\\\"#FFCB6B\\\\\\\"},\\\\\\\"scope\\\\\\\":\\\\\\\"source.css entity.name.tag\\\\\\\"},{\\\\\\\"settings\\\\\\\":{\\\\\\\"foreground\\\\\\\":\\\\\\\"#B2CCD6\\\\\\\"},\\\\\\\"scope\\\\\\\":\\\\\\\"support.type.property-name.css\\\\\\\"},{\\\\\\\"settings\\\\\\\":{\\\\\\\"foreground\\\\\\\":\\\\\\\"#89DDFF\\\\\\\"},\\\\\\\"scope\\\\\\\":\\\\\\\"meta.tag, punctuation.definition.tag\\\\\\\"},{\\\\\\\"settings\\\\\\\":{\\\\\\\"foreground\\\\\\\":\\\\\\\"#f07178\\\\\\\"},\\\\\\\"scope\\\\\\\":\\\\\\\"entity.name.tag\\\\\\\"},{\\\\\\\"settings\\\\\\\":{\\\\\\\"foreground\\\\\\\":\\\\\\\"#C792EA\\\\\\\"},\\\\\\\"scope\\\\\\\":\\\\\\\"entity.other.attribute-name\\\\\\\"},{\\\\\\\"settings\\\\\\\":{\\\\\\\"foreground\\\\\\\":\\\\\\\"#A6ACCD\\\\\\\"},\\\\\\\"scope\\\\\\\":\\\\\\\"punctuation.definition.entity.html\\\\\\\"},{\\\\\\\"settings\\\\\\\":{\\\\\\\"foreground\\\\\\\":\\\\\\\"#89DDFF\\\\\\\"},\\\\\\\"scope\\\\\\\":\\\\\\\"markup.heading\\\\\\\"},{\\\\\\\"settings\\\\\\\":{\\\\\\\"foreground\\\\\\\":\\\\\\\"#f07178\\\\\\\"},\\\\\\\"scope\\\\\\\":\\\\\\\"text.html.markdown meta.link.inline, meta.link.reference\\\\\\\"},{\\\\\\\"settings\\\\\\\":{\\\\\\\"foreground\\\\\\\":\\\\\\\"#89DDFF\\\\\\\"},\\\\\\\"scope\\\\\\\":\\\\\\\"text.html.markdown beginning.punctuation.definition.list\\\\\\\"},{\\\\\\\"settings\\\\\\\":{\\\\\\\"foreground\\\\\\\":\\\\\\\"#f07178\\\\\\\",\\\\\\\"fontStyle\\\\\\\":\\\\\\\"italic\\\\\\\"},\\\\\\\"scope\\\\\\\":\\\\\\\"markup.italic\\\\\\\"},{\\\\\\\"settings\\\\\\\":{\\\\\\\"foreground\\\\\\\":\\\\\\\"#f07178\\\\\\\",\\\\\\\"fontStyle\\\\\\\":\\\\\\\"bold\\\\\\\"},\\\\\\\"scope\\\\\\\":\\\\\\\"markup.bold\\\\\\\"},{\\\\\\\"settings\\\\\\\":{\\\\\\\"foreground\\\\\\\":\\\\\\\"#f07178\\\\\\\",\\\\\\\"fontStyle\\\\\\\":\\\\\\\"italic bold\\\\\\\"},\\\\\\\"scope\\\\\\\":\\\\\\\"markup.bold markup.italic, markup.italic markup.bold\\\\\\\"},{\\\\\\\"settings\\\\\\\":{\\\\\\\"foreground\\\\\\\":\\\\\\\"#C3E88D\\\\\\\"},\\\\\\\"scope\\\\\\\":\\\\\\\"markup.fenced_code.block.markdown punctuation.definition.markdown\\\\\\\"},{\\\\\\\"settings\\\\\\\":{\\\\\\\"foreground\\\\\\\":\\\\\\\"#C3E88D\\\\\\\"},\\\\\\\"scope\\\\\\\":\\\\\\\"markup.inline.raw.string.markdown\\\\\\\"},{\\\\\\\"settings\\\\\\\":{\\\\\\\"foreground\\\\\\\":\\\\\\\"#f07178\\\\\\\"},\\\\\\\"scope\\\\\\\":\\\\\\\"keyword.other.definition.ini\\\\\\\"},{\\\\\\\"settings\\\\\\\":{\\\\\\\"foreground\\\\\\\":\\\\\\\"#89DDFF\\\\\\\"},\\\\\\\"scope\\\\\\\":\\\\\\\"entity.name.section.group-title.ini\\\\\\\"},{\\\\\\\"settings\\\\\\\":{\\\\\\\"foreground\\\\\\\":\\\\\\\"#FFCB6B\\\\\\\"},\\\\\\\"scope\\\\\\\":\\\\\\\"source.cs meta.class.identifier storage.type\\\\\\\"},{\\\\\\\"settings\\\\\\\":{\\\\\\\"foreground\\\\\\\":\\\\\\\"#f07178\\\\\\\"},\\\\\\\"scope\\\\\\\":\\\\\\\"source.cs meta.method.identifier entity.name.function\\\\\\\"},{\\\\\\\"settings\\\\\\\":{\\\\\\\"foreground\\\\\\\":\\\\\\\"#82AAFF\\\\\\\"},\\\\\\\"scope\\\\\\\":\\\\\\\"source.cs meta.method-call meta.method, source.cs entity.name.function\\\\\\\"},{\\\\\\\"settings\\\\\\\":{\\\\\\\"foreground\\\\\\\":\\\\\\\"#FFCB6B\\\\\\\"},\\\\\\\"scope\\\\\\\":\\\\\\\"source.cs storage.type\\\\\\\"},{\\\\\\\"settings\\\\\\\":{\\\\\\\"foreground\\\\\\\":\\\\\\\"#FFCB6B\\\\\\\"},\\\\\\\"scope\\\\\\\":\\\\\\\"source.cs meta.method.return-type\\\\\\\"},{\\\\\\\"settings\\\\\\\":{\\\\\\\"foreground\\\\\\\":\\\\\\\"#464B5D\\\\\\\"},\\\\\\\"scope\\\\\\\":\\\\\\\"source.cs meta.preprocessor\\\\\\\"},{\\\\\\\"settings\\\\\\\":{\\\\\\\"foreground\\\\\\\":\\\\\\\"#A6ACCD\\\\\\\"},\\\\\\\"scope\\\\\\\":\\\\\\\"source.cs entity.name.type.namespace\\\\\\\"},{\\\\\\\"settings\\\\\\\":{\\\\\\\"foreground\\\\\\\":\\\\\\\"#A6ACCD\\\\\\\"},\\\\\\\"scope\\\\\\\":\\\\\\\"meta.jsx.children, SXNested\\\\\\\"},{\\\\\\\"settings\\\\\\\":{\\\\\\\"foreground\\\\\\\":\\\\\\\"#FFCB6B\\\\\\\"},\\\\\\\"scope\\\\\\\":\\\\\\\"support.class.component\\\\\\\"},{\\\\\\\"settings\\\\\\\":{\\\\\\\"foreground\\\\\\\":\\\\\\\"#A6ACCD\\\\\\\"},\\\\\\\"scope\\\\\\\":\\\\\\\"source.cpp meta.block variable.other\\\\\\\"},{\\\\\\\"settings\\\\\\\":{\\\\\\\"foreground\\\\\\\":\\\\\\\"#f07178\\\\\\\"},\\\\\\\"scope\\\\\\\":\\\\\\\"source.python meta.member.access.python\\\\\\\"},{\\\\\\\"settings\\\\\\\":{\\\\\\\"foreground\\\\\\\":\\\\\\\"#82AAFF\\\\\\\"},\\\\\\\"scope\\\\\\\":\\\\\\\"source.python meta.function-call.python, meta.function-call.arguments\\\\\\\"},{\\\\\\\"settings\\\\\\\":{\\\\\\\"foreground\\\\\\\":\\\\\\\"#f07178\\\\\\\"},\\\\\\\"scope\\\\\\\":\\\\\\\"meta.block\\\\\\\"},{\\\\\\\"settings\\\\\\\":{\\\\\\\"foreground\\\\\\\":\\\\\\\"#82AAFF\\\\\\\"},\\\\\\\"scope\\\\\\\":\\\\\\\"entity.name.function.call\\\\\\\"},{\\\\\\\"settings\\\\\\\":{\\\\\\\"foreground\\\\\\\":\\\\\\\"#A6ACCD\\\\\\\"},\\\\\\\"scope\\\\\\\":\\\\\\\"source.php support.other.namespace, source.php meta.use support.class\\\\\\\"},{\\\\\\\"settings\\\\\\\":{\\\\\\\"foreground\\\\\\\":\\\\\\\"#89DDFF\\\\\\\",\\\\\\\"fontStyle\\\\\\\":\\\\\\\"italic\\\\\\\"},\\\\\\\"scope\\\\\\\":\\\\\\\"constant.keyword\\\\\\\"},{\\\\\\\"settings\\\\\\\":{\\\\\\\"foreground\\\\\\\":\\\\\\\"#82AAFF\\\\\\\"},\\\\\\\"scope\\\\\\\":\\\\\\\"entity.name.function\\\\\\\"},{\\\\\\\"settings\\\\\\\":{\\\\\\\"background\\\\\\\":\\\\\\\"#0F111A\\\\\\\",\\\\\\\"foreground\\\\\\\":\\\\\\\"#A6ACCD\\\\\\\"}},{\\\\\\\"settings\\\\\\\":{\\\\\\\"foreground\\\\\\\":\\\\\\\"#f07178\\\\\\\"},\\\\\\\"scope\\\\\\\":[\\\\\\\"markup.deleted\\\\\\\"]},{\\\\\\\"settings\\\\\\\":{\\\\\\\"foreground\\\\\\\":\\\\\\\"#C3E88D\\\\\\\"},\\\\\\\"scope\\\\\\\":[\\\\\\\"markup.inserted\\\\\\\"]},{\\\\\\\"settings\\\\\\\":{\\\\\\\"fontStyle\\\\\\\":\\\\\\\"underline\\\\\\\"},\\\\\\\"scope\\\\\\\":[\\\\\\\"markup.underline\\\\\\\"]},{\\\\\\\"settings\\\\\\\":{\\\\\\\"foreground\\\\\\\":\\\\\\\"#89DDFF\\\\\\\",\\\\\\\"fontStyle\\\\\\\":\\\\\\\"italic\\\\\\\"},\\\\\\\"scope\\\\\\\":[\\\\\\\"keyword.control\\\\\\\"]},{\\\\\\\"settings\\\\\\\":{\\\\\\\"fontStyle\\\\\\\":\\\\\\\"italic\\\\\\\",\\\\\\\"foreground\\\\\\\":\\\\\\\"#89DDFF\\\\\\\"},\\\\\\\"scope\\\\\\\":[\\\\\\\"markup.quote\\\\\\\"]},{\\\\\\\"settings\\\\\\\":{\\\\\\\"foreground\\\\\\\":\\\\\\\"#A6ACCD90\\\\\\\"},\\\\\\\"scope\\\\\\\":[\\\\\\\"markup.fenced_code.block\\\\\\\"]},{\\\\\\\"settings\\\\\\\":{\\\\\\\"foreground\\\\\\\":\\\\\\\"#ff9cac\\\\\\\"},\\\\\\\"scope\\\\\\\":[\\\\\\\"punctuation.definition.quote\\\\\\\"]},{\\\\\\\"settings\\\\\\\":{\\\\\\\"foreground\\\\\\\":\\\\\\\"#C792EA\\\\\\\"},\\\\\\\"scope\\\\\\\":[\\\\\\\"meta.structure.dictionary.json support.type.property-name.json\\\\\\\"]},{\\\\\\\"settings\\\\\\\":{\\\\\\\"foreground\\\\\\\":\\\\\\\"#FFCB6B\\\\\\\"},\\\\\\\"scope\\\\\\\":[\\\\\\\"meta.structure.dictionary.json meta.structure.dictionary.value.json meta.structure.dictionary.json support.type.property-name.json\\\\\\\"]},{\\\\\\\"settings\\\\\\\":{\\\\\\\"foreground\\\\\\\":\\\\\\\"#F78C6C\\\\\\\"},\\\\\\\"scope\\\\\\\":[\\\\\\\"meta.structure.dictionary.json meta.structure.dictionary.value.json meta.structure.dictionary.json meta.structure.dictionary.value.json meta.structure.dictionary.json support.type.property-name.json\\\\\\\"]},{\\\\\\\"settings\\\\\\\":{\\\\\\\"foreground\\\\\\\":\\\\\\\"#f07178\\\\\\\"},\\\\\\\"scope\\\\\\\":[\\\\\\\"meta.structure.dictionary.json meta.structure.dictionary.value.json meta.structure.dictionary.json meta.structure.dictionary.value.json meta.structure.dictionary.json meta.structure.dictionary.value.json meta.structure.dictionary.json support.type.property-name.json\\\\\\\"]},{\\\\\\\"settings\\\\\\\":{\\\\\\\"foreground\\\\\\\":\\\\\\\"#916b53\\\\\\\"},\\\\\\\"scope\\\\\\\":[\\\\\\\"meta.structure.dictionary.json meta.structure.dictionary.value.json meta.structure.dictionary.json meta.structure.dictionary.value.json meta.structure.dictionary.json meta.structure.dictionary.value.json meta.structure.dictionary.json meta.structure.dictionary.value.json meta.structure.dictionary.json support.type.property-name.json\\\\\\\"]},{\\\\\\\"settings\\\\\\\":{\\\\\\\"foreground\\\\\\\":\\\\\\\"#82AAFF\\\\\\\"},\\\\\\\"scope\\\\\\\":[\\\\\\\"meta.structure.dictionary.json meta.structure.dictionary.value.json meta.structure.dictionary.json meta.structure.dictionary.value.json meta.structure.dictionary.json meta.structure.dictionary.value.json meta.structure.dictionary.json meta.structure.dictionary.value.json meta.structure.dictionary.json meta.structure.dictionary.value.json meta.structure.dictionary.json support.type.property-name.json\\\\\\\"]},{\\\\\\\"settings\\\\\\\":{\\\\\\\"foreground\\\\\\\":\\\\\\\"#ff9cac\\\\\\\"},\\\\\\\"scope\\\\\\\":[\\\\\\\"meta.structure.dictionary.json meta.structure.dictionary.value.json meta.structure.dictionary.json meta.structure.dictionary.value.json meta.structure.dictionary.json meta.structure.dictionary.value.json meta.structure.dictionary.json meta.structure.dictionary.value.json meta.structure.dictionary.json meta.structure.dictionary.value.json meta.structure.dictionary.json meta.structure.dictionary.value.json meta.structure.dictionary.json support.type.property-name.json\\\\\\\"]},{\\\\\\\"settings\\\\\\\":{\\\\\\\"foreground\\\\\\\":\\\\\\\"#C792EA\\\\\\\"},\\\\\\\"scope\\\\\\\":[\\\\\\\"meta.structure.dictionary.json meta.structure.dictionary.value.json meta.structure.dictionary.json meta.structure.dictionary.value.json meta.structure.dictionary.json meta.structure.dictionary.value.json meta.structure.dictionary.json meta.structure.dictionary.value.json meta.structure.dictionary.json meta.structure.dictionary.value.json meta.structure.dictionary.json meta.structure.dictionary.value.json meta.structure.dictionary.json meta.structure.dictionary.value.json meta.structure.dictionary.json support.type.property-name.json\\\\\\\"]},{\\\\\\\"settings\\\\\\\":{\\\\\\\"foreground\\\\\\\":\\\\\\\"#C3E88D\\\\\\\"},\\\\\\\"scope\\\\\\\":[\\\\\\\"meta.structure.dictionary.json meta.structure.dictionary.value.json meta.structure.dictionary.json meta.structure.dictionary.value.json meta.structure.dictionary.json meta.structure.dictionary.value.json meta.structure.dictionary.json meta.structure.dictionary.value.json meta.structure.dictionary.json meta.structure.dictionary.value.json meta.structure.dictionary.json meta.structure.dictionary.value.json meta.structure.dictionary.json meta.structure.dictionary.value.json meta.structure.dictionary.json meta.structure.dictionary.value.json meta.structure.dictionary.json support.type.property-name.json\\\\\\\"]}],\\\\\\\"semanticTokenRules\\\\\\\":[],\\\\\\\"extensionData\\\\\\\":{\\\\\\\"_extensionId\\\\\\\":\\\\\\\"Equinusocio.vsc-material-theme\\\\\\\",\\\\\\\"_extensionIsBuiltin\\\\\\\":false,\\\\\\\"_extensionName\\\\\\\":\\\\\\\"vsc-material-theme\\\\\\\",\\\\\\\"_extensionPublisher\\\\\\\":\\\\\\\"Equinusocio\\\\\\\"},\\\\\\\"themeSemanticHighlighting\\\\\\\":true,\\\\\\\"colorMap\\\\\\\":{\\\\\\\"focusBorder\\\\\\\":\\\\\\\"#ffffff00\\\\\\\",\\\\\\\"foreground\\\\\\\":\\\\\\\"#a6accd\\\\\\\",\\\\\\\"button.background\\\\\\\":\\\\\\\"#717cb450\\\\\\\",\\\\\\\"button.foreground\\\\\\\":\\\\\\\"#ffffff\\\\\\\",\\\\\\\"dropdown.background\\\\\\\":\\\\\\\"#0f111a\\\\\\\",\\\\\\\"input.background\\\\\\\":\\\\\\\"#1a1c25\\\\\\\",\\\\\\\"inputOption.activeBorder\\\\\\\":\\\\\\\"#a6accd30\\\\\\\",\\\\\\\"list.activeSelectionBackground\\\\\\\":\\\\\\\"#0f111a\\\\\\\",\\\\\\\"list.activeSelectionForeground\\\\\\\":\\\\\\\"#80cbc4\\\\\\\",\\\\\\\"list.dropBackground\\\\\\\":\\\\\\\"#f0717880\\\\\\\",\\\\\\\"list.focusBackground\\\\\\\":\\\\\\\"#a6accd20\\\\\\\",\\\\\\\"list.focusForeground\\\\\\\":\\\\\\\"#a6accd\\\\\\\",\\\\\\\"list.highlightForeground\\\\\\\":\\\\\\\"#80cbc4\\\\\\\",\\\\\\\"list.hoverBackground\\\\\\\":\\\\\\\"#0f111a\\\\\\\",\\\\\\\"list.inactiveSelectionBackground\\\\\\\":\\\\\\\"#00000030\\\\\\\",\\\\\\\"activityBar.background\\\\\\\":\\\\\\\"#0f111a\\\\\\\",\\\\\\\"activityBar.dropBackground\\\\\\\":\\\\\\\"#f0717880\\\\\\\",\\\\\\\"activityBarBadge.background\\\\\\\":\\\\\\\"#80cbc4\\\\\\\",\\\\\\\"activityBarBadge.foreground\\\\\\\":\\\\\\\"#000000\\\\\\\",\\\\\\\"badge.background\\\\\\\":\\\\\\\"#00000030\\\\\\\",\\\\\\\"badge.foreground\\\\\\\":\\\\\\\"#464b5d\\\\\\\",\\\\\\\"sideBar.background\\\\\\\":\\\\\\\"#0f111a\\\\\\\",\\\\\\\"sideBarSectionHeader.background\\\\\\\":\\\\\\\"#0f111a\\\\\\\",\\\\\\\"editorGroup.dropBackground\\\\\\\":\\\\\\\"#f0717880\\\\\\\",\\\\\\\"editorGroup.focusedEmptyBorder\\\\\\\":\\\\\\\"#f07178\\\\\\\",\\\\\\\"editorGroupHeader.tabsBackground\\\\\\\":\\\\\\\"#0f111a\\\\\\\",\\\\\\\"tab.border\\\\\\\":\\\\\\\"#0f111a\\\\\\\",\\\\\\\"tab.activeBorder\\\\\\\":\\\\\\\"#80cbc4\\\\\\\",\\\\\\\"tab.inactiveBackground\\\\\\\":\\\\\\\"#0f111a\\\\\\\",\\\\\\\"tab.activeModifiedBorder\\\\\\\":\\\\\\\"#525975\\\\\\\",\\\\\\\"tab.inactiveModifiedBorder\\\\\\\":\\\\\\\"#904348\\\\\\\",\\\\\\\"tab.unfocusedActiveModifiedBorder\\\\\\\":\\\\\\\"#c05a60\\\\\\\",\\\\\\\"tab.unfocusedInactiveModifiedBorder\\\\\\\":\\\\\\\"#904348\\\\\\\",\\\\\\\"editor.background\\\\\\\":\\\\\\\"#0f111a\\\\\\\",\\\\\\\"editor.foreground\\\\\\\":\\\\\\\"#a6accd\\\\\\\",\\\\\\\"editorLineNumber.foreground\\\\\\\":\\\\\\\"#3b3f5180\\\\\\\",\\\\\\\"editorLineNumber.activeForeground\\\\\\\":\\\\\\\"#525975\\\\\\\",\\\\\\\"editorCursor.foreground\\\\\\\":\\\\\\\"#ffcc00\\\\\\\",\\\\\\\"editor.selectionBackground\\\\\\\":\\\\\\\"#717cb450\\\\\\\",\\\\\\\"editor.selectionHighlightBackground\\\\\\\":\\\\\\\"#ffcc0020\\\\\\\",\\\\\\\"editor.wordHighlightBackground\\\\\\\":\\\\\\\"#ff9cac30\\\\\\\",\\\\\\\"editor.wordHighlightStrongBackground\\\\\\\":\\\\\\\"#c3e88d30\\\\\\\",\\\\\\\"editor.findMatchHighlight\\\\\\\":\\\\\\\"#a6accd\\\\\\\",\\\\\\\"editor.findRangeHighlightBackground\\\\\\\":\\\\\\\"#ffcb6b30\\\\\\\",\\\\\\\"editor.lineHighlightBorder\\\\\\\":\\\\\\\"#00000000\\\\\\\",\\\\\\\"editor.rangeHighlightBackground\\\\\\\":\\\\\\\"#ffffff0d\\\\\\\",\\\\\\\"editorWhitespace.foreground\\\\\\\":\\\\\\\"#a6accd40\\\\\\\",\\\\\\\"editorWidget.background\\\\\\\":\\\\\\\"#0f111a\\\\\\\",\\\\\\\"editorHoverWidget.background\\\\\\\":\\\\\\\"#0f111a\\\\\\\",\\\\\\\"editorMarkerNavigation.background\\\\\\\":\\\\\\\"#a6accd05\\\\\\\",\\\\\\\"peekView.border\\\\\\\":\\\\\\\"#00000030\\\\\\\",\\\\\\\"peekViewEditor.background\\\\\\\":\\\\\\\"#a6accd05\\\\\\\",\\\\\\\"peekViewResult.background\\\\\\\":\\\\\\\"#a6accd05\\\\\\\",\\\\\\\"peekViewTitle.background\\\\\\\":\\\\\\\"#a6accd05\\\\\\\",\\\\\\\"panel.background\\\\\\\":\\\\\\\"#0f111a\\\\\\\",\\\\\\\"panel.border\\\\\\\":\\\\\\\"#0f111a60\\\\\\\",\\\\\\\"panelTitle.activeBorder\\\\\\\":\\\\\\\"#80cbc4\\\\\\\",\\\\\\\"panelTitle.inactiveForeground\\\\\\\":\\\\\\\"#a6accd\\\\\\\",\\\\\\\"statusBar.background\\\\\\\":\\\\\\\"#0f111a\\\\\\\",\\\\\\\"statusBar.debuggingBackground\\\\\\\":\\\\\\\"#c792ea\\\\\\\",\\\\\\\"statusBar.debuggingForeground\\\\\\\":\\\\\\\"#ffffff\\\\\\\",\\\\\\\"statusBar.noFolderBackground\\\\\\\":\\\\\\\"#0f111a\\\\\\\",\\\\\\\"statusBarItem.activeBackground\\\\\\\":\\\\\\\"#f0717880\\\\\\\",\\\\\\\"statusBarItem.hoverBackground\\\\\\\":\\\\\\\"#464b5d20\\\\\\\",\\\\\\\"statusBarItem.remoteBackground\\\\\\\":\\\\\\\"#80cbc4\\\\\\\",\\\\\\\"statusBarItem.remoteForeground\\\\\\\":\\\\\\\"#000000\\\\\\\",\\\\\\\"titleBar.activeBackground\\\\\\\":\\\\\\\"#0f111a\\\\\\\",\\\\\\\"pickerGroup.border\\\\\\\":\\\\\\\"#ffffff1a\\\\\\\",\\\\\\\"terminal.ansiBlack\\\\\\\":\\\\\\\"#000000\\\\\\\",\\\\\\\"terminal.ansiBlue\\\\\\\":\\\\\\\"#82aaff\\\\\\\",\\\\\\\"terminal.ansiBrightBlack\\\\\\\":\\\\\\\"#464b5d\\\\\\\",\\\\\\\"terminal.ansiBrightBlue\\\\\\\":\\\\\\\"#82aaff\\\\\\\",\\\\\\\"terminal.ansiBrightCyan\\\\\\\":\\\\\\\"#89ddff\\\\\\\",\\\\\\\"terminal.ansiBrightGreen\\\\\\\":\\\\\\\"#c3e88d\\\\\\\",\\\\\\\"terminal.ansiBrightMagenta\\\\\\\":\\\\\\\"#c792ea\\\\\\\",\\\\\\\"terminal.ansiBrightRed\\\\\\\":\\\\\\\"#f07178\\\\\\\",\\\\\\\"terminal.ansiBrightWhite\\\\\\\":\\\\\\\"#ffffff\\\\\\\",\\\\\\\"terminal.ansiBrightYellow\\\\\\\":\\\\\\\"#ffcb6b\\\\\\\",\\\\\\\"terminal.ansiCyan\\\\\\\":\\\\\\\"#89ddff\\\\\\\",\\\\\\\"terminal.ansiGreen\\\\\\\":\\\\\\\"#c3e88d\\\\\\\",\\\\\\\"terminal.ansiMagenta\\\\\\\":\\\\\\\"#c792ea\\\\\\\",\\\\\\\"terminal.ansiRed\\\\\\\":\\\\\\\"#f07178\\\\\\\",\\\\\\\"terminal.ansiWhite\\\\\\\":\\\\\\\"#ffffff\\\\\\\",\\\\\\\"terminal.ansiYellow\\\\\\\":\\\\\\\"#ffcb6b\\\\\\\",\\\\\\\"debugToolBar.background\\\\\\\":\\\\\\\"#0f111a\\\\\\\",\\\\\\\"debugConsole.errorForeground\\\\\\\":\\\\\\\"#f07178\\\\\\\",\\\\\\\"debugConsole.infoForeground\\\\\\\":\\\\\\\"#89ddff\\\\\\\",\\\\\\\"debugConsole.warningForeground\\\\\\\":\\\\\\\"#ffcb6b\\\\\\\",\\\\\\\"selection.background\\\\\\\":\\\\\\\"#00000080\\\\\\\",\\\\\\\"editorRuler.foreground\\\\\\\":\\\\\\\"#3b3f51\\\\\\\",\\\\\\\"widget.shadow\\\\\\\":\\\\\\\"#00000030\\\\\\\",\\\\\\\"scrollbar.shadow\\\\\\\":\\\\\\\"#00000030\\\\\\\",\\\\\\\"editorLink.activeForeground\\\\\\\":\\\\\\\"#a6accd\\\\\\\",\\\\\\\"progressBar.background\\\\\\\":\\\\\\\"#80cbc4\\\\\\\",\\\\\\\"pickerGroup.foreground\\\\\\\":\\\\\\\"#80cbc4\\\\\\\",\\\\\\\"tree.indentGuidesStroke\\\\\\\":\\\\\\\"#3b3f51\\\\\\\",\\\\\\\"terminalCursor.foreground\\\\\\\":\\\\\\\"#ffcb6b\\\\\\\",\\\\\\\"terminalCursor.background\\\\\\\":\\\\\\\"#000000\\\\\\\",\\\\\\\"inputOption.activeBackground\\\\\\\":\\\\\\\"#a6accd30\\\\\\\",\\\\\\\"textLink.foreground\\\\\\\":\\\\\\\"#80cbc4\\\\\\\",\\\\\\\"textLink.activeForeground\\\\\\\":\\\\\\\"#a6accd\\\\\\\",\\\\\\\"sideBar.foreground\\\\\\\":\\\\\\\"#525975\\\\\\\",\\\\\\\"sideBar.border\\\\\\\":\\\\\\\"#0f111a60\\\\\\\",\\\\\\\"sideBarTitle.foreground\\\\\\\":\\\\\\\"#a6accd\\\\\\\",\\\\\\\"sideBarSectionHeader.border\\\\\\\":\\\\\\\"#0f111a60\\\\\\\",\\\\\\\"panel.dropBackground\\\\\\\":\\\\\\\"#a6accd\\\\\\\",\\\\\\\"panelTitle.activeForeground\\\\\\\":\\\\\\\"#ffffff\\\\\\\",\\\\\\\"editor.lineHighlightBackground\\\\\\\":\\\\\\\"#00000050\\\\\\\",\\\\\\\"editor.findMatchBackground\\\\\\\":\\\\\\\"#000000\\\\\\\",\\\\\\\"editor.findMatchHighlightBackground\\\\\\\":\\\\\\\"#00000050\\\\\\\",\\\\\\\"editor.findMatchBorder\\\\\\\":\\\\\\\"#80cbc4\\\\\\\",\\\\\\\"editor.findMatchHighlightBorder\\\\\\\":\\\\\\\"#ffffff30\\\\\\\",\\\\\\\"editorIndentGuide.background\\\\\\\":\\\\\\\"#3b3f5170\\\\\\\",\\\\\\\"editorIndentGuide.activeBackground\\\\\\\":\\\\\\\"#3b3f51\\\\\\\",\\\\\\\"editorGroup.border\\\\\\\":\\\\\\\"#00000030\\\\\\\",\\\\\\\"editorGutter.modifiedBackground\\\\\\\":\\\\\\\"#82aaff60\\\\\\\",\\\\\\\"editorGutter.addedBackground\\\\\\\":\\\\\\\"#c3e88d60\\\\\\\",\\\\\\\"editorGutter.deletedBackground\\\\\\\":\\\\\\\"#f0717860\\\\\\\",\\\\\\\"activityBar.border\\\\\\\":\\\\\\\"#0f111a60\\\\\\\",\\\\\\\"activityBar.foreground\\\\\\\":\\\\\\\"#a6accd\\\\\\\",\\\\\\\"activityBar.activeBorder\\\\\\\":\\\\\\\"#80cbc4\\\\\\\",\\\\\\\"extensionBadge.remoteForeground\\\\\\\":\\\\\\\"#a6accd\\\\\\\",\\\\\\\"scrollbarSlider.background\\\\\\\":\\\\\\\"#8f93a220\\\\\\\",\\\\\\\"scrollbarSlider.hoverBackground\\\\\\\":\\\\\\\"#8f93a210\\\\\\\",\\\\\\\"scrollbarSlider.activeBackground\\\\\\\":\\\\\\\"#80cbc4\\\\\\\",\\\\\\\"tab.unfocusedActiveBorder\\\\\\\":\\\\\\\"#464b5d\\\\\\\",\\\\\\\"tab.activeForeground\\\\\\\":\\\\\\\"#ffffff\\\\\\\",\\\\\\\"tab.inactiveForeground\\\\\\\":\\\\\\\"#525975\\\\\\\",\\\\\\\"tab.activeBackground\\\\\\\":\\\\\\\"#0f111a\\\\\\\",\\\\\\\"tab.unfocusedActiveForeground\\\\\\\":\\\\\\\"#a6accd\\\\\\\",\\\\\\\"editorWidget.resizeBorder\\\\\\\":\\\\\\\"#80cbc4\\\\\\\",\\\\\\\"editorWidget.border\\\\\\\":\\\\\\\"#80cbc4\\\\\\\",\\\\\\\"statusBar.border\\\\\\\":\\\\\\\"#0f111a60\\\\\\\",\\\\\\\"statusBar.foreground\\\\\\\":\\\\\\\"#4b526d\\\\\\\",\\\\\\\"editorBracketMatch.border\\\\\\\":\\\\\\\"#ffcc0050\\\\\\\",\\\\\\\"editorBracketMatch.background\\\\\\\":\\\\\\\"#0f111a\\\\\\\",\\\\\\\"editorOverviewRuler.findMatchForeground\\\\\\\":\\\\\\\"#80cbc4\\\\\\\",\\\\\\\"editorOverviewRuler.border\\\\\\\":\\\\\\\"#0f111a\\\\\\\",\\\\\\\"editorOverviewRuler.errorForeground\\\\\\\":\\\\\\\"#f0717840\\\\\\\",\\\\\\\"editorOverviewRuler.infoForeground\\\\\\\":\\\\\\\"#82aaff40\\\\\\\",\\\\\\\"editorOverviewRuler.warningForeground\\\\\\\":\\\\\\\"#ffcb6b40\\\\\\\",\\\\\\\"editorInfo.foreground\\\\\\\":\\\\\\\"#82aaff70\\\\\\\",\\\\\\\"editorWarning.foreground\\\\\\\":\\\\\\\"#ffcb6b70\\\\\\\",\\\\\\\"editorError.foreground\\\\\\\":\\\\\\\"#f0717870\\\\\\\",\\\\\\\"editorHoverWidget.border\\\\\\\":\\\\\\\"#ffffff10\\\\\\\",\\\\\\\"titleBar.activeForeground\\\\\\\":\\\\\\\"#a6accd\\\\\\\",\\\\\\\"titleBar.inactiveBackground\\\\\\\":\\\\\\\"#0f111a\\\\\\\",\\\\\\\"titleBar.inactiveForeground\\\\\\\":\\\\\\\"#525975\\\\\\\",\\\\\\\"titleBar.border\\\\\\\":\\\\\\\"#0f111a60\\\\\\\",\\\\\\\"input.foreground\\\\\\\":\\\\\\\"#a6accd\\\\\\\",\\\\\\\"input.placeholderForeground\\\\\\\":\\\\\\\"#a6accd60\\\\\\\",\\\\\\\"input.border\\\\\\\":\\\\\\\"#ffffff10\\\\\\\",\\\\\\\"inputValidation.errorBorder\\\\\\\":\\\\\\\"#f07178\\\\\\\",\\\\\\\"inputValidation.infoBorder\\\\\\\":\\\\\\\"#82aaff\\\\\\\",\\\\\\\"inputValidation.warningBorder\\\\\\\":\\\\\\\"#ffcb6b\\\\\\\",\\\\\\\"dropdown.border\\\\\\\":\\\\\\\"#ffffff10\\\\\\\",\\\\\\\"quickInput.background\\\\\\\":\\\\\\\"#0f111a\\\\\\\",\\\\\\\"quickInput.foreground\\\\\\\":\\\\\\\"#525975\\\\\\\",\\\\\\\"list.hoverForeground\\\\\\\":\\\\\\\"#ffffff\\\\\\\",\\\\\\\"list.inactiveSelectionForeground\\\\\\\":\\\\\\\"#80cbc4\\\\\\\",\\\\\\\"quickInput.list.focusBackground\\\\\\\":\\\\\\\"#a6accd20\\\\\\\",\\\\\\\"editorSuggestWidget.background\\\\\\\":\\\\\\\"#0f111a\\\\\\\",\\\\\\\"editorSuggestWidget.foreground\\\\\\\":\\\\\\\"#a6accd\\\\\\\",\\\\\\\"editorSuggestWidget.highlightForeground\\\\\\\":\\\\\\\"#80cbc4\\\\\\\",\\\\\\\"editorSuggestWidget.selectedBackground\\\\\\\":\\\\\\\"#00000050\\\\\\\",\\\\\\\"editorSuggestWidget.border\\\\\\\":\\\\\\\"#ffffff10\\\\\\\",\\\\\\\"diffEditor.insertedTextBackground\\\\\\\":\\\\\\\"#89ddff20\\\\\\\",\\\\\\\"diffEditor.removedTextBackground\\\\\\\":\\\\\\\"#ff9cac20\\\\\\\",\\\\\\\"notifications.background\\\\\\\":\\\\\\\"#0f111a\\\\\\\",\\\\\\\"notifications.foreground\\\\\\\":\\\\\\\"#a6accd\\\\\\\",\\\\\\\"notificationLink.foreground\\\\\\\":\\\\\\\"#80cbc4\\\\\\\",\\\\\\\"extensionButton.prominentBackground\\\\\\\":\\\\\\\"#c3e88d90\\\\\\\",\\\\\\\"extensionButton.prominentHoverBackground\\\\\\\":\\\\\\\"#c3e88d\\\\\\\",\\\\\\\"extensionButton.prominentForeground\\\\\\\":\\\\\\\"#000000\\\\\\\",\\\\\\\"peekViewEditorGutter.background\\\\\\\":\\\\\\\"#a6accd05\\\\\\\",\\\\\\\"peekViewTitleDescription.foreground\\\\\\\":\\\\\\\"#a6accd60\\\\\\\",\\\\\\\"peekViewResult.matchHighlightBackground\\\\\\\":\\\\\\\"#717cb450\\\\\\\",\\\\\\\"peekViewEditor.matchHighlightBackground\\\\\\\":\\\\\\\"#717cb450\\\\\\\",\\\\\\\"peekViewResult.selectionBackground\\\\\\\":\\\\\\\"#52597570\\\\\\\",\\\\\\\"gitDecoration.deletedResourceForeground\\\\\\\":\\\\\\\"#f0717890\\\\\\\",\\\\\\\"gitDecoration.conflictingResourceForeground\\\\\\\":\\\\\\\"#ffcb6b90\\\\\\\",\\\\\\\"gitDecoration.modifiedResourceForeground\\\\\\\":\\\\\\\"#82aaff90\\\\\\\",\\\\\\\"gitDecoration.untrackedResourceForeground\\\\\\\":\\\\\\\"#c3e88d90\\\\\\\",\\\\\\\"gitDecoration.ignoredResourceForeground\\\\\\\":\\\\\\\"#52597590\\\\\\\",\\\\\\\"breadcrumb.background\\\\\\\":\\\\\\\"#0f111a\\\\\\\",\\\\\\\"breadcrumb.foreground\\\\\\\":\\\\\\\"#525975\\\\\\\",\\\\\\\"breadcrumb.focusForeground\\\\\\\":\\\\\\\"#a6accd\\\\\\\",\\\\\\\"breadcrumb.activeSelectionForeground\\\\\\\":\\\\\\\"#80cbc4\\\\\\\",\\\\\\\"breadcrumbPicker.background\\\\\\\":\\\\\\\"#0f111a\\\\\\\",\\\\\\\"menu.background\\\\\\\":\\\\\\\"#0f111a\\\\\\\",\\\\\\\"menu.foreground\\\\\\\":\\\\\\\"#a6accd\\\\\\\",\\\\\\\"menu.selectionBackground\\\\\\\":\\\\\\\"#00000050\\\\\\\",\\\\\\\"menu.selectionForeground\\\\\\\":\\\\\\\"#80cbc4\\\\\\\",\\\\\\\"menu.selectionBorder\\\\\\\":\\\\\\\"#00000030\\\\\\\",\\\\\\\"menu.separatorBackground\\\\\\\":\\\\\\\"#a6accd\\\\\\\",\\\\\\\"menubar.selectionBackground\\\\\\\":\\\\\\\"#00000030\\\\\\\",\\\\\\\"menubar.selectionForeground\\\\\\\":\\\\\\\"#80cbc4\\\\\\\",\\\\\\\"menubar.selectionBorder\\\\\\\":\\\\\\\"#00000030\\\\\\\",\\\\\\\"settings.dropdownForeground\\\\\\\":\\\\\\\"#a6accd\\\\\\\",\\\\\\\"settings.dropdownBackground\\\\\\\":\\\\\\\"#0f111a\\\\\\\",\\\\\\\"settings.numberInputForeground\\\\\\\":\\\\\\\"#a6accd\\\\\\\",\\\\\\\"settings.numberInputBackground\\\\\\\":\\\\\\\"#0f111a\\\\\\\",\\\\\\\"settings.textInputForeground\\\\\\\":\\\\\\\"#a6accd\\\\\\\",\\\\\\\"settings.textInputBackground\\\\\\\":\\\\\\\"#0f111a\\\\\\\",\\\\\\\"settings.headerForeground\\\\\\\":\\\\\\\"#80cbc4\\\\\\\",\\\\\\\"settings.modifiedItemIndicator\\\\\\\":\\\\\\\"#80cbc4\\\\\\\",\\\\\\\"settings.checkboxBackground\\\\\\\":\\\\\\\"#0f111a\\\\\\\",\\\\\\\"settings.checkboxForeground\\\\\\\":\\\\\\\"#a6accd\\\\\\\",\\\\\\\"listFilterWidget.background\\\\\\\":\\\\\\\"#00000030\\\\\\\",\\\\\\\"listFilterWidget.outline\\\\\\\":\\\\\\\"#00000030\\\\\\\",\\\\\\\"listFilterWidget.noMatchesOutline\\\\\\\":\\\\\\\"#00000030\\\\\\\"},\\\\\\\"watch\\\\\\\":false}\\\"},\\\"cpp.1.lastSessionDate\\\":{\\\"version\\\":1,\\\"value\\\":\\\"Sat Jul 03 2021\\\"},\\\"cpp.1.sessionCount\\\":{\\\"version\\\":1,\\\"value\\\":\\\"97\\\"},\\\"java.2.lastSessionDate\\\":{\\\"version\\\":1,\\\"value\\\":\\\"Sat Jul 03 2021\\\"},\\\"java.2.sessionCount\\\":{\\\"version\\\":1,\\\"value\\\":\\\"97\\\"},\\\"javascript.1.lastSessionDate\\\":{\\\"version\\\":1,\\\"value\\\":\\\"Wed Feb 17 2021\\\"},\\\"javascript.1.sessionCount\\\":{\\\"version\\\":1,\\\"value\\\":\\\"53\\\"},\\\"typescript.1.lastSessionDate\\\":{\\\"version\\\":1,\\\"value\\\":\\\"Sat Jul 03 2021\\\"},\\\"typescript.1.sessionCount\\\":{\\\"version\\\":1,\\\"value\\\":\\\"97\\\"},\\\"scm/input:Git:/Users/viacheslav\\\":{\\\"version\\\":1,\\\"value\\\":\\\"[\\\\\\\"\\\\\\\"]\\\"},\\\"commandPalette.mru.cache\\\":{\\\"version\\\":1,\\\"value\\\":\\\"{\\\\\\\"usesLRU\\\\\\\":true,\\\\\\\"entries\\\\\\\":[{\\\\\\\"key\\\\\\\":\\\\\\\"workbench.action.installCommandLine\\\\\\\",\\\\\\\"value\\\\\\\":1},{\\\\\\\"key\\\\\\\":\\\\\\\"editor.action.formatDocument\\\\\\\",\\\\\\\"value\\\\\\\":2},{\\\\\\\"key\\\\\\\":\\\\\\\"editor.action.rename\\\\\\\",\\\\\\\"value\\\\\\\":3},{\\\\\\\"key\\\\\\\":\\\\\\\"workbench.action.files.saveWithoutFormatting\\\\\\\",\\\\\\\"value\\\\\\\":4},{\\\\\\\"key\\\\\\\":\\\\\\\"editor.action.revealDefinition\\\\\\\",\\\\\\\"value\\\\\\\":7},{\\\\\\\"key\\\\\\\":\\\\\\\"workbench.extensions.action.showRecommendedKeymapExtensions\\\\\\\",\\\\\\\"value\\\\\\\":8},{\\\\\\\"key\\\\\\\":\\\\\\\"extension.downloadSettings\\\\\\\",\\\\\\\"value\\\\\\\":9},{\\\\\\\"key\\\\\\\":\\\\\\\"extension.otherOptions\\\\\\\",\\\\\\\"value\\\\\\\":10}]}\\\"},\\\"commandPalette.mru.counter\\\":{\\\"version\\\":1,\\\"value\\\":\\\"11\\\"},\\\"workbench.explorer.views.state.hidden\\\":{\\\"version\\\":1,\\\"value\\\":\\\"[{\\\\\\\"id\\\\\\\":\\\\\\\"outline\\\\\\\",\\\\\\\"isHidden\\\\\\\":false},{\\\\\\\"id\\\\\\\":\\\\\\\"timeline\\\\\\\",\\\\\\\"isHidden\\\\\\\":false},{\\\\\\\"id\\\\\\\":\\\\\\\"workbench.explorer.openEditorsView\\\\\\\",\\\\\\\"isHidden\\\\\\\":false},{\\\\\\\"id\\\\\\\":\\\\\\\"workbench.explorer.emptyView\\\\\\\",\\\\\\\"isHidden\\\\\\\":false},{\\\\\\\"id\\\\\\\":\\\\\\\"npm\\\\\\\",\\\\\\\"isHidden\\\\\\\":false},{\\\\\\\"id\\\\\\\":\\\\\\\"workbench.explorer.fileView\\\\\\\",\\\\\\\"isHidden\\\\\\\":false}]\\\"},\\\"scm/input:Git:/Users/viacheslav/git/react-essentials\\\":{\\\"version\\\":1,\\\"value\\\":\\\"[\\\\\\\"\\\\\\\"]\\\"},\\\"javascript.1.editedCount\\\":{\\\"version\\\":1,\\\"value\\\":\\\"10\\\"},\\\"javascript.1.editedDate\\\":{\\\"version\\\":1,\\\"value\\\":\\\"Mon Feb 15 2021\\\"},\\\"workbench.view.extensions.state.hidden\\\":{\\\"version\\\":1,\\\"value\\\":\\\"[{\\\\\\\"id\\\\\\\":\\\\\\\"workbench.views.extensions.installed.empty\\\\\\\",\\\\\\\"isHidden\\\\\\\":false},{\\\\\\\"id\\\\\\\":\\\\\\\"workbench.views.extensions.installed\\\\\\\",\\\\\\\"isHidden\\\\\\\":false},{\\\\\\\"id\\\\\\\":\\\\\\\"workbench.views.extensions.workspaceRecommendations\\\\\\\",\\\\\\\"isHidden\\\\\\\":false},{\\\\\\\"id\\\\\\\":\\\\\\\"workbench.views.extensions.popular\\\\\\\",\\\\\\\"isHidden\\\\\\\":false},{\\\\\\\"id\\\\\\\":\\\\\\\"workbench.views.extensions.otherRecommendations\\\\\\\",\\\\\\\"isHidden\\\\\\\":false},{\\\\\\\"id\\\\\\\":\\\\\\\"extensions.recommendedList\\\\\\\",\\\\\\\"isHidden\\\\\\\":false},{\\\\\\\"id\\\\\\\":\\\\\\\"workbench.views.extensions.enabled\\\\\\\",\\\\\\\"isHidden\\\\\\\":true},{\\\\\\\"id\\\\\\\":\\\\\\\"workbench.views.extensions.disabled\\\\\\\",\\\\\\\"isHidden\\\\\\\":true},{\\\\\\\"id\\\\\\\":\\\\\\\"workbench.views.extensions.marketplace\\\\\\\",\\\\\\\"isHidden\\\\\\\":false},{\\\\\\\"id\\\\\\\":\\\\\\\"workbench.views.extensions.searchInstalled\\\\\\\",\\\\\\\"isHidden\\\\\\\":false},{\\\\\\\"id\\\\\\\":\\\\\\\"workbench.views.extensions.searchEnabled\\\\\\\",\\\\\\\"isHidden\\\\\\\":false},{\\\\\\\"id\\\\\\\":\\\\\\\"workbench.views.extensions.searchDisabled\\\\\\\",\\\\\\\"isHidden\\\\\\\":false},{\\\\\\\"id\\\\\\\":\\\\\\\"workbench.views.extensions.searchOutdated\\\\\\\",\\\\\\\"isHidden\\\\\\\":false},{\\\\\\\"id\\\\\\\":\\\\\\\"workbench.views.extensions.searchBuiltin\\\\\\\",\\\\\\\"isHidden\\\\\\\":false},{\\\\\\\"id\\\\\\\":\\\\\\\"workbench.views.extensions.builtinFeatureExtensions\\\\\\\",\\\\\\\"isHidden\\\\\\\":false},{\\\\\\\"id\\\\\\\":\\\\\\\"workbench.views.extensions.builtinThemeExtensions\\\\\\\",\\\\\\\"isHidden\\\\\\\":false},{\\\\\\\"id\\\\\\\":\\\\\\\"workbench.views.extensions.builtinProgrammingLanguageExtensions\\\\\\\",\\\\\\\"isHidden\\\\\\\":false},{\\\\\\\"id\\\\\\\":\\\\\\\"workbench.views.extensions.searchTrustRequired\\\\\\\",\\\\\\\"isHidden\\\\\\\":false},{\\\\\\\"id\\\\\\\":\\\\\\\"workbench.views.extensions.trustRequiredOnStartExtensions\\\\\\\",\\\\\\\"isHidden\\\\\\\":false},{\\\\\\\"id\\\\\\\":\\\\\\\"workbench.views.extensions.trustRequiredOnDemandExtensions\\\\\\\",\\\\\\\"isHidden\\\\\\\":false}]\\\"},\\\"workbench.panel.pinnedPanels\\\":{\\\"version\\\":1,\\\"value\\\":\\\"[{\\\\\\\"id\\\\\\\":\\\\\\\"workbench.panel.markers\\\\\\\",\\\\\\\"name\\\\\\\":\\\\\\\"Problems\\\\\\\",\\\\\\\"pinned\\\\\\\":true,\\\\\\\"order\\\\\\\":0,\\\\\\\"visible\\\\\\\":true},{\\\\\\\"id\\\\\\\":\\\\\\\"workbench.panel.output\\\\\\\",\\\\\\\"name\\\\\\\":\\\\\\\"Output\\\\\\\",\\\\\\\"pinned\\\\\\\":true,\\\\\\\"order\\\\\\\":1,\\\\\\\"visible\\\\\\\":true},{\\\\\\\"id\\\\\\\":\\\\\\\"workbench.panel.repl\\\\\\\",\\\\\\\"name\\\\\\\":\\\\\\\"Debug Console\\\\\\\",\\\\\\\"pinned\\\\\\\":true,\\\\\\\"order\\\\\\\":2,\\\\\\\"visible\\\\\\\":true},{\\\\\\\"id\\\\\\\":\\\\\\\"terminal\\\\\\\",\\\\\\\"name\\\\\\\":\\\\\\\"Terminal\\\\\\\",\\\\\\\"pinned\\\\\\\":true,\\\\\\\"order\\\\\\\":3,\\\\\\\"visible\\\\\\\":true},{\\\\\\\"id\\\\\\\":\\\\\\\"refactorPreview\\\\\\\",\\\\\\\"name\\\\\\\":\\\\\\\"Refactor Preview\\\\\\\",\\\\\\\"pinned\\\\\\\":true,\\\\\\\"visible\\\\\\\":false}]\\\"},\\\"workbench.scm.views.state.hidden\\\":{\\\"version\\\":1,\\\"value\\\":\\\"[{\\\\\\\"id\\\\\\\":\\\\\\\"workbench.scm\\\\\\\",\\\\\\\"isHidden\\\\\\\":false},{\\\\\\\"id\\\\\\\":\\\\\\\"workbench.scm.repositories\\\\\\\",\\\\\\\"isHidden\\\\\\\":true},{\\\\\\\"id\\\\\\\":\\\\\\\"gitlens.views.commits\\\\\\\",\\\\\\\"isHidden\\\\\\\":false},{\\\\\\\"id\\\\\\\":\\\\\\\"gitlens.views.repositories\\\\\\\",\\\\\\\"isHidden\\\\\\\":false},{\\\\\\\"id\\\\\\\":\\\\\\\"gitlens.views.fileHistory\\\\\\\",\\\\\\\"isHidden\\\\\\\":false},{\\\\\\\"id\\\\\\\":\\\\\\\"gitlens.views.lineHistory\\\\\\\",\\\\\\\"isHidden\\\\\\\":true},{\\\\\\\"id\\\\\\\":\\\\\\\"gitlens.views.branches\\\\\\\",\\\\\\\"isHidden\\\\\\\":false},{\\\\\\\"id\\\\\\\":\\\\\\\"gitlens.views.remotes\\\\\\\",\\\\\\\"isHidden\\\\\\\":false},{\\\\\\\"id\\\\\\\":\\\\\\\"gitlens.views.stashes\\\\\\\",\\\\\\\"isHidden\\\\\\\":false},{\\\\\\\"id\\\\\\\":\\\\\\\"gitlens.views.tags\\\\\\\",\\\\\\\"isHidden\\\\\\\":false},{\\\\\\\"id\\\\\\\":\\\\\\\"gitlens.views.contributors\\\\\\\",\\\\\\\"isHidden\\\\\\\":true},{\\\\\\\"id\\\\\\\":\\\\\\\"gitlens.views.searchAndCompare\\\\\\\",\\\\\\\"isHidden\\\\\\\":true}]\\\"},\\\"workbench.view.extension.gitlens.state.hidden\\\":{\\\"version\\\":1,\\\"value\\\":\\\"[{\\\\\\\"id\\\\\\\":\\\\\\\"gitlens.views.updates\\\\\\\",\\\\\\\"isHidden\\\\\\\":false},{\\\\\\\"id\\\\\\\":\\\\\\\"gitlens.views.welcome\\\\\\\",\\\\\\\"isHidden\\\\\\\":false}]\\\"},\\\"scm/input:Git:/Users/viacheslav/git/angular-mentoring-program\\\":{\\\"version\\\":1,\\\"value\\\":\\\"[\\\\\\\"\\\\\\\"]\\\"},\\\"scm/input:Git:/Users/viacheslav/git/react-video-portal\\\":{\\\"version\\\":1,\\\"value\\\":\\\"[\\\\\\\"\\\\\\\"]\\\"},\\\"terminal.integrated.showTerminalConfigPrompt\\\":{\\\"version\\\":1,\\\"value\\\":\\\"false\\\"},\\\"memento/workbench.editor.keybindings\\\":{\\\"version\\\":1,\\\"value\\\":\\\"{\\\\\\\"searchHistory\\\\\\\":[\\\\\\\"@command:git.commit\\\\\\\",\\\\\\\"\\\\\\\\\\\\\\\"cmd+k\\\\\\\\\\\\\\\"\\\\\\\",\\\\\\\"commit\\\\\\\",\\\\\\\"push\\\\\\\",\\\\\\\"@command:editor.action.formatDocument\\\\\\\",\\\\\\\"@command:workbench.action.files.saveWithoutFormatting\\\\\\\",\\\\\\\"for\\\\\\\",\\\\\\\"format when\\\\\\\",\\\\\\\"format \\\\\\\",\\\\\\\"pretti\\\\\\\",\\\\\\\"prettier\\\\\\\",\\\\\\\"\\\\\\\\\\\\\\\"ctrl+b\\\\\\\\\\\\\\\"\\\\\\\",\\\\\\\"save\\\\\\\",\\\\\\\"go to\\\\\\\",\\\\\\\"\\\\\\\\\\\\\\\"cmd+b\\\\\\\\\\\\\\\"\\\\\\\",\\\\\\\"go to de\\\\\\\",\\\\\\\"go to def\\\\\\\",\\\\\\\"@command:editor.action.formatSelection\\\\\\\",\\\\\\\"key bi\\\\\\\",\\\\\\\"key bindings\\\\\\\",\\\\\\\"key \\\\\\\",\\\\\\\"format docume\\\\\\\",\\\\\\\"@command:workbench.extensions.action.showRecommendedKeymapExtensions\\\\\\\",\\\\\\\"key b\\\\\\\",\\\\\\\"f\\\\\\\",\\\\\\\"format\\\\\\\",\\\\\\\"@command:workbench.action.files.saveFiles\\\\\\\",\\\\\\\"save all\\\\\\\",\\\\\\\"\\\\\\\\\\\\\\\"ctrl+backspace\\\\\\\\\\\\\\\"\\\\\\\",\\\\\\\"delete\\\\\\\",\\\\\\\"delete line\\\\\\\"]}\\\"},\\\"scm/input:Git:/Users/viacheslav/git/react-mentoring-program\\\":{\\\"version\\\":1,\\\"value\\\":\\\"[\\\\\\\"added page not found component and showing it for all routes other than root\\\\\\\",\\\\\\\"added search by hitting Enter and No Movies Found text\\\\\\\",\\\\\\\"added landing a user on 'No movies found' state by default\\\\\\\",\\\\\\\"added showing movie overview by using direct link\\\\\\\",\\\\\\\"added showing PageNotFound for direct movie link with unknown id\\\\\\\",\\\\\\\"added link to root when closing overview\\\\\\\",\\\\\\\"moved footer out of switch block to show everywhere and do not duplicate\\\\\\\",\\\\\\\"moved movieToOverview logic to redux, created  separate overview and search views for routing\\\\\\\",\\\\\\\"added ability to open direct search URL\\\\\\\",\\\\\\\"moved Search On Landing logic into the SearchView\\\\\\\",\\\\\\\"logic for landing on film id moved to OverviewView\\\\\\\",\\\\\\\"fix for landing on empty results page\\\\\\\",\\\\\\\"unnecessary handleOverviewClick removed\\\\\\\",\\\\\\\"removed store.dispatch(setMovieNotFoundById(false)) from PageNotFound\\\\\\\",\\\\\\\"added back useEffect with [id] as dep in OverviewView\\\\\\\",\\\\\\\"adding snapshot tests\\\\\\\",\\\\\\\"added more meaningful data into snapshot tests\\\\\\\",\\\\\\\"adding reducer tests\\\\\\\",\\\\\\\"added few testing-library tests\\\\\\\",\\\\\\\"next initial setup\\\\\\\",\\\\\\\"wip - next - not working version\\\\\\\",\\\\\\\"another not working version of ssr\\\\\\\",\\\\\\\"partial fixes\\\\\\\",\\\\\\\"useStore\\\\\\\",\\\\\\\"pass store to thunkedSetMovies\\\\\\\",\\\\\\\"fixes for add/update/delete\\\\\\\",\\\\\\\"pagination is added\\\\\\\",\\\\\\\"land user on the first page in pagination after apllying filtering or sorting\\\\\\\",\\\\\\\"readme update\\\\\\\",\\\\\\\"readme update\\\\\\\",\\\\\\\"readme update\\\\\\\",\\\\\\\"readme update\\\\\\\",\\\\\\\"readme update\\\\\\\",\\\\\\\"\\\\\\\"]\\\"},\\\"scm/input:Git:/Users/viacheslav/git/react-mentoring-program-home-task-1\\\":{\\\"version\\\":1,\\\"value\\\":\\\"[\\\\\\\"\\\\\\\"]\\\"},\\\"javascript.1.isCandidate\\\":{\\\"version\\\":1,\\\"value\\\":\\\"false\\\"},\\\"javascript.1.skipVersion\\\":{\\\"version\\\":1,\\\"value\\\":\\\"1.52.1\\\"},\\\"scm/input:Git:/Users/viacheslav/git/React-Movies\\\":{\\\"version\\\":1,\\\"value\\\":\\\"[\\\\\\\"\\\\\\\"]\\\"},\\\"expandSuggestionDocs\\\":{\\\"version\\\":1,\\\"value\\\":\\\"true\\\"},\\\"scm/input:Git:/Users/viacheslav/git/Android-10-Location-Updates-Foreground-Service-2020\\\":{\\\"version\\\":1,\\\"value\\\":\\\"[\\\\\\\"\\\\\\\"]\\\"},\\\"typescript.1.editedCount\\\":{\\\"version\\\":1,\\\"value\\\":\\\"1\\\"},\\\"typescript.1.editedDate\\\":{\\\"version\\\":1,\\\"value\\\":\\\"Fri Feb 26 2021\\\"},\\\"scm/input:Git:/Users/viacheslav/git/react-ssr\\\":{\\\"version\\\":1,\\\"value\\\":\\\"[\\\\\\\"\\\\\\\"]\\\"},\\\"scm/input:Git:/Users/viacheslav/git/react-mentoring-program-2\\\":{\\\"version\\\":1,\\\"value\\\":\\\"[\\\\\\\"ssr - not working\\\\\\\",\\\\\\\"\\\\\\\"]\\\"},\\\"workbench.view.debug.state.hidden\\\":{\\\"version\\\":1,\\\"value\\\":\\\"[{\\\\\\\"id\\\\\\\":\\\\\\\"workbench.debug.welcome\\\\\\\",\\\\\\\"isHidden\\\\\\\":false},{\\\\\\\"id\\\\\\\":\\\\\\\"workbench.debug.variablesView\\\\\\\",\\\\\\\"isHidden\\\\\\\":false},{\\\\\\\"id\\\\\\\":\\\\\\\"workbench.debug.watchExpressionsView\\\\\\\",\\\\\\\"isHidden\\\\\\\":false},{\\\\\\\"id\\\\\\\":\\\\\\\"workbench.debug.callStackView\\\\\\\",\\\\\\\"isHidden\\\\\\\":false},{\\\\\\\"id\\\\\\\":\\\\\\\"workbench.debug.loadedScriptsView\\\\\\\",\\\\\\\"isHidden\\\\\\\":false},{\\\\\\\"id\\\\\\\":\\\\\\\"workbench.debug.breakPointsView\\\\\\\",\\\\\\\"isHidden\\\\\\\":false},{\\\\\\\"id\\\\\\\":\\\\\\\"jsBrowserBreakpoints\\\\\\\",\\\\\\\"isHidden\\\\\\\":false}]\\\"},\\\"scm/input:Git:/Users/viacheslav/git/pasha\\\":{\\\"version\\\":1,\\\"value\\\":\\\"[\\\\\\\"\\\\\\\"]\\\"},\\\"scm/input:Git:/Users/viacheslav/git/with-redux-thunk-app\\\":{\\\"version\\\":1,\\\"value\\\":\\\"[\\\\\\\"\\\\\\\"]\\\"},\\\"scm/input:Git:/Users/viacheslav/git/my-example\\\":{\\\"version\\\":1,\\\"value\\\":\\\"[\\\\\\\"ssr with next on page load\\\\\\\",\\\\\\\"added backend\\\\\\\",\\\\\\\"\\\\\\\"]\\\"},\\\"scm/input:Git:/Users/viacheslav/git/with-redux-app\\\":{\\\"version\\\":1,\\\"value\\\":\\\"[\\\\\\\"\\\\\\\"]\\\"},\\\"scm/input:Git:/Users/viacheslav/temp/my-example\\\":{\\\"version\\\":1,\\\"value\\\":\\\"[\\\\\\\"add show redux state\\\\\\\",\\\\\\\"\\\\\\\"]\\\"},\\\"scm/input:Git:/Users/viacheslav/git/reactjs-mentoring-program\\\":{\\\"version\\\":1,\\\"value\\\":\\\"[\\\\\\\"\\\\\\\"]\\\"},\\\"workbench.panel.markers.hidden\\\":{\\\"version\\\":1,\\\"value\\\":\\\"[{\\\\\\\"id\\\\\\\":\\\\\\\"workbench.panel.markers.view\\\\\\\",\\\\\\\"isHidden\\\\\\\":false}]\\\"},\\\"workbench.panel.output.hidden\\\":{\\\"version\\\":1,\\\"value\\\":\\\"[{\\\\\\\"id\\\\\\\":\\\\\\\"workbench.panel.output\\\\\\\",\\\\\\\"isHidden\\\\\\\":false}]\\\"},\\\"terminal.hidden\\\":{\\\"version\\\":1,\\\"value\\\":\\\"[{\\\\\\\"id\\\\\\\":\\\\\\\"terminal\\\\\\\",\\\\\\\"isHidden\\\\\\\":false}]\\\"},\\\"workbench.view.search.state.hidden\\\":{\\\"version\\\":1,\\\"value\\\":\\\"[{\\\\\\\"id\\\\\\\":\\\\\\\"workbench.view.search\\\\\\\",\\\\\\\"isHidden\\\\\\\":false}]\\\"},\\\"nps/lastSessionDate\\\":{\\\"version\\\":1,\\\"value\\\":\\\"Thu Jun 17 2021\\\"},\\\"nps/sessionCount\\\":{\\\"version\\\":1,\\\"value\\\":\\\"8\\\"},\\\"workbench.panel.repl.hidden\\\":{\\\"version\\\":1,\\\"value\\\":\\\"[{\\\\\\\"id\\\\\\\":\\\\\\\"workbench.panel.repl.view\\\\\\\",\\\\\\\"isHidden\\\\\\\":false}]\\\"},\\\"ces/skipSurvey\\\":{\\\"version\\\":1,\\\"value\\\":\\\"1.56.2\\\"},\\\"workbench.telemetryOptOutShown\\\":{\\\"version\\\":1,\\\"value\\\":\\\"true\\\"},\\\"scm/input:Git:/c:/git/itpd\\\":{\\\"version\\\":1,\\\"value\\\":\\\"[\\\\\\\"\\\\\\\"]\\\"},\\\"scm/input:Git:/c:/git/itpd-frontend\\\":{\\\"version\\\":1,\\\"value\\\":\\\"[\\\\\\\"EPMGOOGPD-482-autofill-city-and-state-based-on-zip\\\\\\\",\\\\\\\"disabled showing popup with warnings about no zip found\\\\\\\",\\\\\\\"add json to dist folder\\\\\\\",\\\\\\\"replaced top left corner logo HREF from https://itpd.epam.com/ to '/'\\\\\\\",\\\\\\\"include json file into the gradle build\\\\\\\",\\\\\\\"added script tag needed for GlobalMenu to work\\\\\\\",\\\\\\\"re-order shipping methods\\\\\\\",\\\\\\\"report front end round 1\\\\\\\",\\\\\\\"redesigned new flow page\\\\\\\",\\\\\\\"re-merge master\\\\\\\",\\\\\\\"\\\\\\\"]\\\"},\\\"http.linkProtectionTrustedDomains\\\":{\\\"version\\\":1,\\\"value\\\":\\\"[\\\\\\\"https://uui.epam.com\\\\\\\",\\\\\\\"*.epam.com\\\\\\\",\\\\\\\"https://gist.github.com\\\\\\\"]\\\"},\\\"memento/gettingStartedService\\\":{\\\"version\\\":1,\\\"value\\\":\\\"{\\\\\\\"settings\\\\\\\":{\\\\\\\"done\\\\\\\":true},\\\\\\\"settingsSync\\\\\\\":{\\\\\\\"done\\\\\\\":true},\\\\\\\"splitview\\\\\\\":{\\\\\\\"done\\\\\\\":true},\\\\\\\"commandPaletteTask\\\\\\\":{\\\\\\\"done\\\\\\\":true},\\\\\\\"keymaps\\\\\\\":{\\\\\\\"done\\\\\\\":true},\\\\\\\"shortcuts\\\\\\\":{\\\\\\\"done\\\\\\\":true},\\\\\\\"quickOpen\\\\\\\":{\\\\\\\"done\\\\\\\":true}}\\\"},\\\"hasNotifiedOfSettingsAutosave\\\":{\\\"version\\\":1,\\\"value\\\":\\\"true\\\"},\\\"workbench.view.sync.state.hidden\\\":{\\\"version\\\":1,\\\"value\\\":\\\"[{\\\\\\\"id\\\\\\\":\\\\\\\"workbench.views.sync.merges\\\\\\\",\\\\\\\"isHidden\\\\\\\":false},{\\\\\\\"id\\\\\\\":\\\\\\\"workbench.views.sync.remoteActivity\\\\\\\",\\\\\\\"isHidden\\\\\\\":false},{\\\\\\\"id\\\\\\\":\\\\\\\"workbench.views.sync.machines\\\\\\\",\\\\\\\"isHidden\\\\\\\":false},{\\\\\\\"id\\\\\\\":\\\\\\\"workbench.views.sync.localActivity\\\\\\\",\\\\\\\"isHidden\\\\\\\":true}]\\\"},\\\"scm/input:Git:/c:/git/react-mentoring-program\\\":{\\\"version\\\":1,\\\"value\\\":\\\"[\\\\\\\"show movies on opening right away\\\\\\\",\\\\\\\"\\\\\\\"]\\\"},\\\"extensionsAssistant/importantRecommendationsIgnore\\\":{\\\"version\\\":1,\\\"value\\\":\\\"[\\\\\\\"vscjava.vscode-java-pack\\\\\\\"]\\\"},\\\"fileBasedRecommendations/promptedRecommendations\\\":{\\\"version\\\":1,\\\"value\\\":\\\"{\\\\\\\"java\\\\\\\":[\\\\\\\"vscjava.vscode-java-pack\\\\\\\"]}\\\"}}}\"}"}