{"ref":"eb957dd1-c8cc-4cbd-97e0-37e6d9ef2121","content":"{\"version\":5,\"machineId\":\"f3f70f47-1ed3-4cfd-815e-ca9b6460b24f\",\"content\":\"[{\\\"identifier\\\":{\\\"id\\\":\\\"vscode.bat\\\"},\\\"version\\\":\\\"1.0.0\\\"},{\\\"identifier\\\":{\\\"id\\\":\\\"vscode.clojure\\\"},\\\"version\\\":\\\"1.0.0\\\"},{\\\"identifier\\\":{\\\"id\\\":\\\"vscode.coffeescript\\\"},\\\"version\\\":\\\"1.0.0\\\"},{\\\"identifier\\\":{\\\"id\\\":\\\"vscode.configuration-editing\\\"},\\\"version\\\":\\\"1.0.0\\\"},{\\\"identifier\\\":{\\\"id\\\":\\\"vscode.cpp\\\"},\\\"version\\\":\\\"1.0.0\\\"},{\\\"identifier\\\":{\\\"id\\\":\\\"vscode.csharp\\\"},\\\"version\\\":\\\"1.0.0\\\"},{\\\"identifier\\\":{\\\"id\\\":\\\"vscode.css\\\"},\\\"version\\\":\\\"1.0.0\\\"},{\\\"identifier\\\":{\\\"id\\\":\\\"vscode.css-language-features\\\"},\\\"version\\\":\\\"1.0.0\\\"},{\\\"identifier\\\":{\\\"id\\\":\\\"vscode.debug-auto-launch\\\"},\\\"version\\\":\\\"1.0.0\\\"},{\\\"identifier\\\":{\\\"id\\\":\\\"vscode.debug-server-ready\\\"},\\\"version\\\":\\\"1.0.0\\\"},{\\\"identifier\\\":{\\\"id\\\":\\\"vscode.docker\\\"},\\\"version\\\":\\\"1.0.0\\\"},{\\\"identifier\\\":{\\\"id\\\":\\\"vscode.emmet\\\"},\\\"version\\\":\\\"1.0.0\\\"},{\\\"identifier\\\":{\\\"id\\\":\\\"vscode.extension-editing\\\"},\\\"version\\\":\\\"1.0.0\\\"},{\\\"identifier\\\":{\\\"id\\\":\\\"vscode.fsharp\\\"},\\\"version\\\":\\\"1.0.0\\\"},{\\\"identifier\\\":{\\\"id\\\":\\\"vscode.git\\\"},\\\"version\\\":\\\"1.0.0\\\"},{\\\"identifier\\\":{\\\"id\\\":\\\"vscode.git-ui\\\"},\\\"version\\\":\\\"1.0.0\\\"},{\\\"identifier\\\":{\\\"id\\\":\\\"vscode.github\\\"},\\\"version\\\":\\\"0.0.1\\\"},{\\\"identifier\\\":{\\\"id\\\":\\\"vscode.github-authentication\\\"},\\\"version\\\":\\\"0.0.1\\\"},{\\\"identifier\\\":{\\\"id\\\":\\\"vscode.go\\\"},\\\"version\\\":\\\"1.0.0\\\"},{\\\"identifier\\\":{\\\"id\\\":\\\"vscode.groovy\\\"},\\\"version\\\":\\\"1.0.0\\\"},{\\\"identifier\\\":{\\\"id\\\":\\\"vscode.grunt\\\"},\\\"version\\\":\\\"1.0.0\\\"},{\\\"identifier\\\":{\\\"id\\\":\\\"vscode.gulp\\\"},\\\"version\\\":\\\"1.0.0\\\"},{\\\"identifier\\\":{\\\"id\\\":\\\"vscode.handlebars\\\"},\\\"version\\\":\\\"1.0.0\\\"},{\\\"identifier\\\":{\\\"id\\\":\\\"vscode.hlsl\\\"},\\\"version\\\":\\\"1.0.0\\\"},{\\\"identifier\\\":{\\\"id\\\":\\\"vscode.html\\\"},\\\"version\\\":\\\"1.0.0\\\"},{\\\"identifier\\\":{\\\"id\\\":\\\"vscode.html-language-features\\\"},\\\"version\\\":\\\"1.0.0\\\"},{\\\"identifier\\\":{\\\"id\\\":\\\"vscode.image-preview\\\"},\\\"version\\\":\\\"1.0.0\\\"},{\\\"identifier\\\":{\\\"id\\\":\\\"vscode.ini\\\"},\\\"version\\\":\\\"1.0.0\\\"},{\\\"identifier\\\":{\\\"id\\\":\\\"vscode.jake\\\"},\\\"version\\\":\\\"1.0.0\\\"},{\\\"identifier\\\":{\\\"id\\\":\\\"vscode.java\\\"},\\\"version\\\":\\\"1.0.0\\\"},{\\\"identifier\\\":{\\\"id\\\":\\\"vscode.javascript\\\"},\\\"version\\\":\\\"1.0.0\\\"},{\\\"identifier\\\":{\\\"id\\\":\\\"vscode.json\\\"},\\\"version\\\":\\\"1.0.0\\\"},{\\\"identifier\\\":{\\\"id\\\":\\\"vscode.json-language-features\\\"},\\\"version\\\":\\\"1.0.0\\\"},{\\\"identifier\\\":{\\\"id\\\":\\\"vscode.less\\\"},\\\"version\\\":\\\"1.0.0\\\"},{\\\"identifier\\\":{\\\"id\\\":\\\"vscode.log\\\"},\\\"version\\\":\\\"1.0.0\\\"},{\\\"identifier\\\":{\\\"id\\\":\\\"vscode.lua\\\"},\\\"version\\\":\\\"1.0.0\\\"},{\\\"identifier\\\":{\\\"id\\\":\\\"vscode.make\\\"},\\\"version\\\":\\\"1.0.0\\\"},{\\\"identifier\\\":{\\\"id\\\":\\\"vscode.markdown\\\"},\\\"version\\\":\\\"1.0.0\\\"},{\\\"identifier\\\":{\\\"id\\\":\\\"vscode.markdown-language-features\\\"},\\\"version\\\":\\\"1.0.0\\\"},{\\\"identifier\\\":{\\\"id\\\":\\\"vscode.merge-conflict\\\"},\\\"version\\\":\\\"1.0.0\\\"},{\\\"identifier\\\":{\\\"id\\\":\\\"vscode.microsoft-authentication\\\"},\\\"version\\\":\\\"0.0.1\\\"},{\\\"identifier\\\":{\\\"id\\\":\\\"ms-vscode.js-debug\\\",\\\"uuid\\\":\\\"25629058-ddac-4e17-abba-74678e126c5d\\\"},\\\"version\\\":\\\"1.52.2\\\"},{\\\"identifier\\\":{\\\"id\\\":\\\"ms-vscode.js-debug-companion\\\",\\\"uuid\\\":\\\"99cb0b7f-7354-4278-b8da-6cc79972169d\\\"},\\\"version\\\":\\\"1.0.8\\\"},{\\\"identifier\\\":{\\\"id\\\":\\\"ms-vscode.node-debug\\\",\\\"uuid\\\":\\\"b6ded8fb-a0a0-4c1c-acbd-ab2a3bc995a6\\\"},\\\"version\\\":\\\"1.44.15\\\"},{\\\"identifier\\\":{\\\"id\\\":\\\"ms-vscode.node-debug2\\\",\\\"uuid\\\":\\\"36d19e17-7569-4841-a001-947eb18602b2\\\"},\\\"version\\\":\\\"1.42.5\\\"},{\\\"identifier\\\":{\\\"id\\\":\\\"ms-vscode.references-view\\\",\\\"uuid\\\":\\\"dc489f46-520d-4556-ae85-1f9eab3c412d\\\"},\\\"version\\\":\\\"0.0.74\\\"},{\\\"identifier\\\":{\\\"id\\\":\\\"ms-vscode.vscode-js-profile-table\\\",\\\"uuid\\\":\\\"7e52b41b-71ad-457b-ab7e-0620f1fc4feb\\\"},\\\"version\\\":\\\"0.0.11\\\"},{\\\"identifier\\\":{\\\"id\\\":\\\"vscode.npm\\\"},\\\"version\\\":\\\"1.0.1\\\"},{\\\"identifier\\\":{\\\"id\\\":\\\"vscode.objective-c\\\"},\\\"version\\\":\\\"1.0.0\\\"},{\\\"identifier\\\":{\\\"id\\\":\\\"vscode.perl\\\"},\\\"version\\\":\\\"1.0.0\\\"},{\\\"identifier\\\":{\\\"id\\\":\\\"vscode.php\\\"},\\\"version\\\":\\\"1.0.0\\\"},{\\\"identifier\\\":{\\\"id\\\":\\\"vscode.php-language-features\\\"},\\\"version\\\":\\\"1.0.0\\\"},{\\\"identifier\\\":{\\\"id\\\":\\\"vscode.powershell\\\"},\\\"version\\\":\\\"1.0.0\\\"},{\\\"identifier\\\":{\\\"id\\\":\\\"vscode.pug\\\"},\\\"version\\\":\\\"1.0.0\\\"},{\\\"identifier\\\":{\\\"id\\\":\\\"vscode.python\\\"},\\\"version\\\":\\\"1.0.0\\\"},{\\\"identifier\\\":{\\\"id\\\":\\\"vscode.r\\\"},\\\"version\\\":\\\"1.0.0\\\"},{\\\"identifier\\\":{\\\"id\\\":\\\"vscode.razor\\\"},\\\"version\\\":\\\"1.0.0\\\"},{\\\"identifier\\\":{\\\"id\\\":\\\"vscode.ruby\\\"},\\\"version\\\":\\\"1.0.0\\\"},{\\\"identifier\\\":{\\\"id\\\":\\\"vscode.rust\\\"},\\\"version\\\":\\\"1.0.0\\\"},{\\\"identifier\\\":{\\\"id\\\":\\\"vscode.scss\\\"},\\\"version\\\":\\\"1.0.0\\\"},{\\\"identifier\\\":{\\\"id\\\":\\\"vscode.search-result\\\"},\\\"version\\\":\\\"1.0.0\\\"},{\\\"identifier\\\":{\\\"id\\\":\\\"vscode.shaderlab\\\"},\\\"version\\\":\\\"1.0.0\\\"},{\\\"identifier\\\":{\\\"id\\\":\\\"vscode.shellscript\\\"},\\\"version\\\":\\\"1.0.0\\\"},{\\\"identifier\\\":{\\\"id\\\":\\\"vscode.sql\\\"},\\\"version\\\":\\\"1.0.0\\\"},{\\\"identifier\\\":{\\\"id\\\":\\\"vscode.swift\\\"},\\\"version\\\":\\\"1.0.0\\\"},{\\\"identifier\\\":{\\\"id\\\":\\\"vscode.theme-abyss\\\"},\\\"version\\\":\\\"1.0.0\\\"},{\\\"identifier\\\":{\\\"id\\\":\\\"vscode.theme-defaults\\\"},\\\"version\\\":\\\"1.0.0\\\"},{\\\"identifier\\\":{\\\"id\\\":\\\"vscode.theme-kimbie-dark\\\"},\\\"version\\\":\\\"1.0.0\\\"},{\\\"identifier\\\":{\\\"id\\\":\\\"vscode.theme-monokai\\\"},\\\"version\\\":\\\"1.0.0\\\"},{\\\"identifier\\\":{\\\"id\\\":\\\"vscode.theme-monokai-dimmed\\\"},\\\"version\\\":\\\"1.0.0\\\"},{\\\"identifier\\\":{\\\"id\\\":\\\"vscode.theme-quietlight\\\"},\\\"version\\\":\\\"1.0.0\\\"},{\\\"identifier\\\":{\\\"id\\\":\\\"vscode.theme-red\\\"},\\\"version\\\":\\\"1.0.0\\\"},{\\\"identifier\\\":{\\\"id\\\":\\\"vscode.vscode-theme-seti\\\"},\\\"version\\\":\\\"1.0.0\\\"},{\\\"identifier\\\":{\\\"id\\\":\\\"vscode.theme-solarized-dark\\\"},\\\"version\\\":\\\"1.0.0\\\"},{\\\"identifier\\\":{\\\"id\\\":\\\"vscode.theme-solarized-light\\\"},\\\"version\\\":\\\"1.0.0\\\"},{\\\"identifier\\\":{\\\"id\\\":\\\"vscode.theme-tomorrow-night-blue\\\"},\\\"version\\\":\\\"1.0.0\\\"},{\\\"identifier\\\":{\\\"id\\\":\\\"vscode.typescript\\\"},\\\"version\\\":\\\"1.0.0\\\"},{\\\"identifier\\\":{\\\"id\\\":\\\"vscode.typescript-language-features\\\"},\\\"version\\\":\\\"1.0.0\\\"},{\\\"identifier\\\":{\\\"id\\\":\\\"vscode.vb\\\"},\\\"version\\\":\\\"1.0.0\\\"},{\\\"identifier\\\":{\\\"id\\\":\\\"vscode.xml\\\"},\\\"version\\\":\\\"1.0.0\\\"},{\\\"identifier\\\":{\\\"id\\\":\\\"vscode.yaml\\\"},\\\"version\\\":\\\"1.0.0\\\"},{\\\"identifier\\\":{\\\"id\\\":\\\"2gua.rainbow-brackets\\\",\\\"uuid\\\":\\\"797a79de-a0fd-4349-9034-bec47be9a941\\\"},\\\"version\\\":\\\"0.0.6\\\",\\\"installed\\\":true},{\\\"identifier\\\":{\\\"id\\\":\\\"cssho.vscode-svgviewer\\\",\\\"uuid\\\":\\\"6f5d4f30-67aa-4151-80c0-1bbe8ca5f9db\\\"},\\\"version\\\":\\\"2.0.0\\\",\\\"installed\\\":true},{\\\"identifier\\\":{\\\"id\\\":\\\"equinusocio.vsc-material-theme\\\",\\\"uuid\\\":\\\"dffaf5a1-2219-434b-9d87-cb586fd59260\\\"},\\\"version\\\":\\\"33.2.0\\\",\\\"installed\\\":true},{\\\"identifier\\\":{\\\"id\\\":\\\"equinusocio.vsc-material-theme-icons\\\",\\\"uuid\\\":\\\"8c609a4f-268a-41fb-8fe6-b6fcd95e8113\\\"},\\\"version\\\":\\\"1.2.2\\\",\\\"installed\\\":true},{\\\"identifier\\\":{\\\"id\\\":\\\"formulahendry.auto-close-tag\\\",\\\"uuid\\\":\\\"d3836729-9cc1-42c1-b2af-d50071f57d29\\\"},\\\"version\\\":\\\"0.5.10\\\",\\\"installed\\\":true},{\\\"identifier\\\":{\\\"id\\\":\\\"formulahendry.auto-rename-tag\\\",\\\"uuid\\\":\\\"6e440e71-8ed9-4f25-bb78-4b13096b8a03\\\"},\\\"version\\\":\\\"0.1.6\\\",\\\"installed\\\":true},{\\\"identifier\\\":{\\\"id\\\":\\\"humao.rest-client\\\",\\\"uuid\\\":\\\"dda49fd5-1f3b-4d25-bf61-4fc41905ede5\\\"},\\\"version\\\":\\\"0.24.4\\\",\\\"installed\\\":true},{\\\"identifier\\\":{\\\"id\\\":\\\"ms-vscode.vscode-typescript-tslint-plugin\\\",\\\"uuid\\\":\\\"90a37ca1-92a2-488a-b196-7a8c0b0127ea\\\"},\\\"version\\\":\\\"1.3.3\\\",\\\"installed\\\":true},{\\\"identifier\\\":{\\\"id\\\":\\\"msjsdiag.debugger-for-chrome\\\",\\\"uuid\\\":\\\"1ec62ca5-d7f9-4ddb-a882-e8d018c0aefd\\\"},\\\"version\\\":\\\"4.12.12\\\",\\\"installed\\\":true},{\\\"identifier\\\":{\\\"id\\\":\\\"naumovs.color-highlight\\\",\\\"uuid\\\":\\\"121396ad-85a1-45ec-9fd1-d95028a847f5\\\"},\\\"version\\\":\\\"2.3.0\\\",\\\"installed\\\":true},{\\\"identifier\\\":{\\\"id\\\":\\\"quicktype.quicktype\\\",\\\"uuid\\\":\\\"e05d98bf-3735-4c1e-9fae-86ef0a52e19f\\\"},\\\"version\\\":\\\"12.0.46\\\",\\\"installed\\\":true},{\\\"identifier\\\":{\\\"id\\\":\\\"rbbit.typescript-hero\\\",\\\"uuid\\\":\\\"38583aca-2ba1-417f-80fc-68ca8d717fb4\\\"},\\\"version\\\":\\\"3.0.0\\\",\\\"installed\\\":true},{\\\"identifier\\\":{\\\"id\\\":\\\"ritwickdey.liveserver\\\",\\\"uuid\\\":\\\"b63c44fd-0457-4696-99e9-dbfdf70d77de\\\"},\\\"version\\\":\\\"5.6.1\\\",\\\"installed\\\":true,\\\"state\\\":{\\\"liveServer.setup.version\\\":\\\"5.6.1\\\"}},{\\\"identifier\\\":{\\\"id\\\":\\\"shan.code-settings-sync\\\",\\\"uuid\\\":\\\"e337c67b-55c2-4fef-8949-eb260e7fb7fd\\\"},\\\"version\\\":\\\"3.4.3\\\",\\\"installed\\\":true},{\\\"identifier\\\":{\\\"id\\\":\\\"streetsidesoftware.code-spell-checker\\\",\\\"uuid\\\":\\\"f6dbd813-b0a0-42c1-90ea-10dde9d925a7\\\"},\\\"version\\\":\\\"1.10.2\\\",\\\"installed\\\":true},{\\\"identifier\\\":{\\\"id\\\":\\\"vscode-icons-team.vscode-icons\\\",\\\"uuid\\\":\\\"9ccc1dd7-7ec4-4a46-bd4f-7d7b8b9d322a\\\"},\\\"version\\\":\\\"11.1.0\\\",\\\"installed\\\":true},{\\\"identifier\\\":{\\\"id\\\":\\\"wayou.vscode-todo-highlight\\\",\\\"uuid\\\":\\\"97a08c5f-6667-4242-a5c5-045dfb6bd4b9\\\"},\\\"version\\\":\\\"1.0.4\\\",\\\"installed\\\":true},{\\\"identifier\\\":{\\\"id\\\":\\\"xabikos.javascriptsnippets\\\",\\\"uuid\\\":\\\"a2cec723-5349-460d-9de9-0fd1f8d3456f\\\"},\\\"version\\\":\\\"1.8.0\\\",\\\"installed\\\":true},{\\\"identifier\\\":{\\\"id\\\":\\\"vscode.julia\\\"},\\\"version\\\":\\\"1.0.0\\\"},{\\\"identifier\\\":{\\\"id\\\":\\\"ms-vscode-remote.remote-wsl-recommender\\\",\\\"uuid\\\":\\\"cb296d3c-017a-4dee-83af-ebb5a5a16e9a\\\"},\\\"version\\\":\\\"0.0.9\\\"},{\\\"identifier\\\":{\\\"id\\\":\\\"vscode.notebook-markdown-extensions\\\"},\\\"version\\\":\\\"1.0.0\\\"},{\\\"identifier\\\":{\\\"id\\\":\\\"vscode.simple-browser\\\"},\\\"version\\\":\\\"1.0.0\\\"},{\\\"identifier\\\":{\\\"id\\\":\\\"vscode.testing-editor-contributions\\\"},\\\"version\\\":\\\"1.0.0\\\"},{\\\"identifier\\\":{\\\"id\\\":\\\"equinusocio.vsc-material-theme\\\",\\\"uuid\\\":\\\"45bfc9eb-5e03-487f-bffe-315fa6881d6a\\\"},\\\"version\\\":\\\"33.2.2\\\",\\\"installed\\\":true,\\\"state\\\":{\\\"vsc-material-theme.version\\\":\\\"33.2.2\\\"}},{\\\"identifier\\\":{\\\"id\\\":\\\"equinusocio.vsc-material-theme-icons\\\",\\\"uuid\\\":\\\"6959958f-be4d-42c4-8aa4-dc2c2f086b0a\\\"},\\\"version\\\":\\\"2.0.10\\\",\\\"installed\\\":true},{\\\"identifier\\\":{\\\"id\\\":\\\"k--kato.intellij-idea-keybindings\\\",\\\"uuid\\\":\\\"f30b63fa-e34a-40af-a573-5de5ecfb6c5e\\\"},\\\"version\\\":\\\"1.4.4\\\",\\\"installed\\\":true},{\\\"identifier\\\":{\\\"id\\\":\\\"esbenp.prettier-vscode\\\",\\\"uuid\\\":\\\"96fa4707-6983-4489-b7c5-d5ffdfdcce90\\\"},\\\"version\\\":\\\"6.4.0\\\",\\\"installed\\\":true},{\\\"identifier\\\":{\\\"id\\\":\\\"dbaeumer.vscode-eslint\\\",\\\"uuid\\\":\\\"583b2b34-2c1e-4634-8c0b-0b82e283ea3a\\\"},\\\"version\\\":\\\"2.1.20\\\",\\\"disabled\\\":true,\\\"installed\\\":true,\\\"state\\\":{}},{\\\"identifier\\\":{\\\"id\\\":\\\"planbcoding.vscode-react-refactor\\\",\\\"uuid\\\":\\\"66b3d158-f3cc-4b1b-acce-237ab336fe65\\\"},\\\"version\\\":\\\"1.1.3\\\",\\\"installed\\\":true},{\\\"identifier\\\":{\\\"id\\\":\\\"vincaslt.highlight-matching-tag\\\",\\\"uuid\\\":\\\"aae00486-7e92-42b3-91b0-2b419e4f3875\\\"},\\\"version\\\":\\\"0.10.0\\\",\\\"installed\\\":true},{\\\"identifier\\\":{\\\"id\\\":\\\"coenraads.bracket-pair-colorizer\\\",\\\"uuid\\\":\\\"f583eafd-aa0d-4ccb-8f44-d1e610389660\\\"},\\\"version\\\":\\\"1.0.61\\\",\\\"installed\\\":true},{\\\"identifier\\\":{\\\"id\\\":\\\"eamodio.gitlens\\\",\\\"uuid\\\":\\\"4de763bd-505d-4978-9575-2b7696ecf94e\\\"},\\\"version\\\":\\\"11.4.1\\\",\\\"installed\\\":true,\\\"state\\\":{\\\"gitlens:views:welcome:visible\\\":true,\\\"gitlens:views:updates:visible\\\":false,\\\"gitlens:synced:version\\\":\\\"11.4.1\\\"}}]\"}","skippedExtensions":[{"identifier":{"id":"equinusocio.vsc-material-theme-icons","uuid":"8c609a4f-268a-41fb-8fe6-b6fcd95e8113"},"version":"1.2.2","installed":true},{"identifier":{"id":"equinusocio.vsc-material-theme","uuid":"dffaf5a1-2219-434b-9d87-cb586fd59260"},"version":"33.2.0","installed":true}]}