{"version":2,"content":"{\"settings\":\"{\\n    \\\"update.mode\\\": \\\"none\\\",\\n    \\\"update.enableWindowsBackgroundUpdates\\\": false,\\n    \\\"update.showReleaseNotes\\\": false,\\n    \\\"editor.renderWhitespace\\\": \\\"all\\\",\\n    \\\"editor.renderControlCharacters\\\": true,\\n    \\\"[html]\\\": {\\n        \\\"editor.defaultFormatter\\\": \\\"vscode.html-language-features\\\"\\n    },\\n    \\\"[javascript]\\\": {\\n        \\\"editor.defaultFormatter\\\": \\\"vscode.typescript-language-features\\\"\\n    },\\n    \\\"git.enableSmartCommit\\\": true,\\n    \\\"sync.autoDownload\\\": true,\\n    \\\"sync.autoUpload\\\": true,\\n    \\\"sync.forceDownload\\\": true,\\n    \\\"sync.forceUpload\\\": true,\\n    \\\"sync.quietSync\\\": true,\\n    \\\"[json]\\\": {\\n        \\\"editor.defaultFormatter\\\": \\\"vscode.json-language-features\\\"\\n    },\\n    \\\"[typescript]\\\": {\\n        \\\"editor.defaultFormatter\\\": \\\"vscode.typescript-language-features\\\"\\n    },\\n    \\\"window.title\\\": \\\"${dirty}${activeEditorLong}${separator}${rootName}${separator}${appName}\\\",\\n    \\\"workbench.colorTheme\\\": \\\"Material Theme Ocean\\\",\\n    \\\"vsicons.dontShowNewVersionMessage\\\": true,\\n    \\\"sync.gist\\\": \\\"7b23afa89ae1734a4b9b6d3333c3c5d2\\\",\\n    \\\"cSpell.userWords\\\": [\\n        \\\"Slava\\\",\\n        \\\"codelyzer\\\",\\n        \\\"formik\\\"\\n    ],\\n    \\\"files.autoSaveDelay\\\": 5000000,\\n    \\\"typescript.updateImportsOnFileMove.enabled\\\": \\\"always\\\",\\n    \\\"explorer.confirmDelete\\\": false,\\n    \\\"html.format.wrapAttributes\\\": \\\"preserve\\\",\\n    \\\"typescript.preferences.importModuleSpecifier\\\": \\\"relative\\\",\\n    \\\"editor.defaultFormatter\\\": \\\"esbenp.prettier-vscode\\\",\\n    \\\"files.insertFinalNewline\\\": true,\\n    \\\"prettier.singleQuote\\\": true,\\n    \\\"typescript.preferences.quoteStyle\\\": \\\"single\\\",\\n    \\\"javascript.preferences.quoteStyle\\\": \\\"single\\\",\\n    \\\"css.lint.duplicateProperties\\\": \\\"error\\\",\\n    \\\"explorer.confirmDragAndDrop\\\": false,\\n    \\\"javascript.updateImportsOnFileMove.enabled\\\": \\\"always\\\",\\n    \\\"workbench.startupEditor\\\": \\\"newUntitledFile\\\",\\n    \\\"beautify.ignore\\\": \\\"\\\",\\n    \\\"prettier.tabWidth\\\": 4,\\n    \\\"editor.wordWrapColumn\\\": 180,\\n    \\\"html.format.wrapLineLength\\\": 180,\\n    \\\"typescriptHero.imports.multiLineWrapThreshold\\\": 180,\\n    \\\"workbench.editor.wrapTabs\\\": true,\\n    \\\"files.trimTrailingWhitespace\\\": true,\\n    \\\"javascript.format.insertSpaceAfterCommaDelimiter\\\": false,\\n    \\\"javascript.format.insertSpaceAfterOpeningAndBeforeClosingEmptyBraces\\\": false,\\n    \\\"javascript.format.insertSpaceAfterKeywordsInControlFlowStatements\\\": false,\\n    \\\"javascript.format.insertSpaceAfterOpeningAndBeforeClosingNonemptyBraces\\\": false,\\n    \\\"typescript.format.insertSpaceAfterOpeningAndBeforeClosingEmptyBraces\\\": false,\\n    \\\"typescript.format.insertSpaceAfterOpeningAndBeforeClosingNonemptyBraces\\\": false,\\n    \\\"typescript.preferences.useAliasesForRenames\\\": false,\\n    \\\"prettier.bracketSpacing\\\": false,\\n    \\\"typescriptHero.imports.insertSpaceBeforeAndAfterImportBraces\\\": false\\n}\"}"}