{"ref":"474a0971-dbe9-4f99-a085-113468f1cbf5","content":"{\"version\":2,\"machineId\":\"f3f70f47-1ed3-4cfd-815e-ca9b6460b24f\",\"content\":\"{\\\"mac\\\":\\\"// Empty\\\\n[\\\\n    {\\\\n        \\\\\\\"key\\\\\\\": \\\\\\\"alt+cmd+l\\\\\\\",\\\\n        \\\\\\\"command\\\\\\\": \\\\\\\"editor.action.formatDocument\\\\\\\",\\\\n        \\\\\\\"when\\\\\\\": \\\\\\\"editorHasDocumentFormattingProvider && editorHasDocumentFormattingProvider && editorTextFocus && !editorReadonly\\\\\\\"\\\\n    },\\\\n    {\\\\n        \\\\\\\"key\\\\\\\": \\\\\\\"shift+alt+f\\\\\\\",\\\\n        \\\\\\\"command\\\\\\\": \\\\\\\"-editor.action.formatDocument\\\\\\\",\\\\n        \\\\\\\"when\\\\\\\": \\\\\\\"editorHasDocumentFormattingProvider && editorHasDocumentFormattingProvider && editorTextFocus && !editorReadonly\\\\\\\"\\\\n    },\\\\n    {\\\\n        \\\\\\\"key\\\\\\\": \\\\\\\"cmd+k\\\\\\\",\\\\n        \\\\\\\"command\\\\\\\": \\\\\\\"git.commit\\\\\\\"\\\\n    },\\\\n    {\\\\n        \\\\\\\"key\\\\\\\": \\\\\\\"shift+cmd+k\\\\\\\",\\\\n        \\\\\\\"command\\\\\\\": \\\\\\\"git.push\\\\\\\"\\\\n    },\\\\n    {\\\\n        \\\\\\\"key\\\\\\\": \\\\\\\"cmd+b\\\\\\\",\\\\n        \\\\\\\"command\\\\\\\": \\\\\\\"editor.action.revealDefinition\\\\\\\",\\\\n        \\\\\\\"when\\\\\\\": \\\\\\\"editorHasDefinitionProvider && editorTextFocus && !isInEmbeddedEditor\\\\\\\"\\\\n    },\\\\n    {\\\\n        \\\\\\\"key\\\\\\\": \\\\\\\"f12\\\\\\\",\\\\n        \\\\\\\"command\\\\\\\": \\\\\\\"-editor.action.revealDefinition\\\\\\\",\\\\n        \\\\\\\"when\\\\\\\": \\\\\\\"editorHasDefinitionProvider && editorTextFocus && !isInEmbeddedEditor\\\\\\\"\\\\n    },\\\\n    {\\\\n        \\\\\\\"key\\\\\\\": \\\\\\\"cmd+s\\\\\\\",\\\\n        \\\\\\\"command\\\\\\\": \\\\\\\"workbench.action.files.saveAll\\\\\\\"\\\\n    },\\\\n    {\\\\n        \\\\\\\"key\\\\\\\": \\\\\\\"alt+cmd+s\\\\\\\",\\\\n        \\\\\\\"command\\\\\\\": \\\\\\\"-workbench.action.files.saveAll\\\\\\\"\\\\n    },\\\\n    {\\\\n        \\\\\\\"key\\\\\\\": \\\\\\\"cmd+s\\\\\\\",\\\\n        \\\\\\\"command\\\\\\\": \\\\\\\"-workbench.action.files.save\\\\\\\"\\\\n    },\\\\n    {\\\\n        \\\\\\\"key\\\\\\\": \\\\\\\"cmd+b\\\\\\\",\\\\n        \\\\\\\"command\\\\\\\": \\\\\\\"-workbench.action.toggleSidebarVisibility\\\\\\\"\\\\n    }\\\\n]\\\",\\\"windows\\\":\\\"// Empty\\\\n[\\\\n  {\\\\n    \\\\\\\"key\\\\\\\": \\\\\\\"ctrl+alt+l\\\\\\\",\\\\n    \\\\\\\"command\\\\\\\": \\\\\\\"editor.action.formatSelection\\\\\\\",\\\\n    \\\\\\\"when\\\\\\\": \\\\\\\"editorHasDocumentSelectionFormattingProvider && editorTextFocus && !editorReadonly\\\\\\\"\\\\n  },\\\\n  {\\\\n    \\\\\\\"key\\\\\\\": \\\\\\\"ctrl+k ctrl+f\\\\\\\",\\\\n    \\\\\\\"command\\\\\\\": \\\\\\\"-editor.action.formatSelection\\\\\\\",\\\\n    \\\\\\\"when\\\\\\\": \\\\\\\"editorHasDocumentSelectionFormattingProvider && editorTextFocus && !editorReadonly\\\\\\\"\\\\n  },\\\\n  {\\\\n    \\\\\\\"key\\\\\\\": \\\\\\\"ctrl+alt+1\\\\\\\",\\\\n    \\\\\\\"command\\\\\\\": \\\\\\\"editor.action.formatDocument\\\\\\\",\\\\n    \\\\\\\"when\\\\\\\": \\\\\\\"editorHasDocumentFormattingProvider && editorTextFocus && !editorReadonly\\\\\\\"\\\\n  },\\\\n  {\\\\n    \\\\\\\"key\\\\\\\": \\\\\\\"ctrl+alt+l\\\\\\\",\\\\n    \\\\\\\"command\\\\\\\": \\\\\\\"-editor.action.formatDocument\\\\\\\",\\\\n    \\\\\\\"when\\\\\\\": \\\\\\\"editorHasDocumentFormattingProvider && editorTextFocus && !editorReadonly\\\\\\\"\\\\n  },\\\\n  {\\\\n    \\\\\\\"key\\\\\\\": \\\\\\\"ctrl+s\\\\\\\",\\\\n    \\\\\\\"command\\\\\\\": \\\\\\\"saveAll\\\\\\\"\\\\n  },\\\\n  {\\\\n    \\\\\\\"key\\\\\\\": \\\\\\\"ctrl+k s\\\\\\\",\\\\n    \\\\\\\"command\\\\\\\": \\\\\\\"-saveAll\\\\\\\"\\\\n  },\\\\n  {\\\\n    \\\\\\\"key\\\\\\\": \\\\\\\"ctrl+backspace\\\\\\\",\\\\n    \\\\\\\"command\\\\\\\": \\\\\\\"editor.action.deleteLines\\\\\\\",\\\\n    \\\\\\\"when\\\\\\\": \\\\\\\"editorTextFocus && !editorReadonly\\\\\\\"\\\\n  },\\\\n  {\\\\n    \\\\\\\"key\\\\\\\": \\\\\\\"ctrl+y\\\\\\\",\\\\n    \\\\\\\"command\\\\\\\": \\\\\\\"-editor.action.deleteLines\\\\\\\",\\\\n    \\\\\\\"when\\\\\\\": \\\\\\\"editorTextFocus && !editorReadonly\\\\\\\"\\\\n  },\\\\n  {\\\\n    \\\\\\\"key\\\\\\\": \\\\\\\"ctrl+backspace\\\\\\\",\\\\n    \\\\\\\"command\\\\\\\": \\\\\\\"editor.action.deleteLines\\\\\\\",\\\\n    \\\\\\\"when\\\\\\\": \\\\\\\"textInputFocus && !editorReadonly\\\\\\\"\\\\n  },\\\\n  {\\\\n    \\\\\\\"key\\\\\\\": \\\\\\\"ctrl+shift+k\\\\\\\",\\\\n    \\\\\\\"command\\\\\\\": \\\\\\\"-editor.action.deleteLines\\\\\\\",\\\\n    \\\\\\\"when\\\\\\\": \\\\\\\"textInputFocus && !editorReadonly\\\\\\\"\\\\n  }\\\\n]\\\"}\"}","platformSpecific":true}