{"ref":"86ac7db4-5306-452f-95f6-80dfd5d4e374","content":"{\"version\":2,\"machineId\":\"296c7d24-ca25-47d6-a9a7-6e78714a5b78\",\"content\":\"{\\\"settings\\\":\\\"{\\\\n    \\\\\\\"update.mode\\\\\\\": \\\\\\\"none\\\\\\\",\\\\n    \\\\\\\"update.enableWindowsBackgroundUpdates\\\\\\\": false,\\\\n    \\\\\\\"update.showReleaseNotes\\\\\\\": false,\\\\n    \\\\\\\"editor.renderWhitespace\\\\\\\": \\\\\\\"all\\\\\\\",\\\\n    \\\\\\\"editor.renderControlCharacters\\\\\\\": true,\\\\n    \\\\\\\"[html]\\\\\\\": {\\\\n        \\\\\\\"editor.defaultFormatter\\\\\\\": \\\\\\\"vscode.html-language-features\\\\\\\"\\\\n    },\\\\n    \\\\\\\"[javascript]\\\\\\\": {\\\\n        \\\\\\\"editor.defaultFormatter\\\\\\\": \\\\\\\"vscode.typescript-language-features\\\\\\\"\\\\n    },\\\\n    \\\\\\\"git.enableSmartCommit\\\\\\\": true,\\\\n    \\\\\\\"sync.autoDownload\\\\\\\": true,\\\\n    \\\\\\\"sync.autoUpload\\\\\\\": true,\\\\n    \\\\\\\"sync.forceDownload\\\\\\\": true,\\\\n    \\\\\\\"sync.forceUpload\\\\\\\": true,\\\\n    \\\\\\\"sync.quietSync\\\\\\\": true,\\\\n    \\\\\\\"[json]\\\\\\\": {\\\\n        \\\\\\\"editor.defaultFormatter\\\\\\\": \\\\\\\"vscode.json-language-features\\\\\\\"\\\\n    },\\\\n    \\\\\\\"[typescript]\\\\\\\": {\\\\n        \\\\\\\"editor.defaultFormatter\\\\\\\": \\\\\\\"vscode.typescript-language-features\\\\\\\"\\\\n    },\\\\n    \\\\\\\"window.title\\\\\\\": \\\\\\\"${dirty}${activeEditorLong}${separator}${rootName}${separator}${appName}\\\\\\\",\\\\n    \\\\\\\"workbench.colorTheme\\\\\\\": \\\\\\\"Material Theme Ocean\\\\\\\",\\\\n    \\\\\\\"vsicons.dontShowNewVersionMessage\\\\\\\": true,\\\\n    \\\\\\\"sync.gist\\\\\\\": \\\\\\\"7b23afa89ae1734a4b9b6d3333c3c5d2\\\\\\\",\\\\n    \\\\\\\"cSpell.userWords\\\\\\\": [\\\\n        \\\\\\\"Slava\\\\\\\",\\\\n        \\\\\\\"codelyzer\\\\\\\",\\\\n        \\\\\\\"formik\\\\\\\"\\\\n    ],\\\\n    \\\\\\\"files.autoSaveDelay\\\\\\\": 5000000,\\\\n    \\\\\\\"typescript.updateImportsOnFileMove.enabled\\\\\\\": \\\\\\\"always\\\\\\\",\\\\n    \\\\\\\"explorer.confirmDelete\\\\\\\": false,\\\\n    \\\\\\\"html.format.wrapAttributes\\\\\\\": \\\\\\\"force-expand-multiline\\\\\\\",\\\\n    \\\\\\\"typescript.preferences.importModuleSpecifier\\\\\\\": \\\\\\\"relative\\\\\\\",\\\\n    \\\\\\\"editor.defaultFormatter\\\\\\\": \\\\\\\"esbenp.prettier-vscode\\\\\\\",\\\\n    \\\\\\\"prettier.proseWrap\\\\\\\": \\\\\\\"always\\\\\\\",\\\\n    \\\\\\\"files.insertFinalNewline\\\\\\\": true,\\\\n    \\\\\\\"prettier.singleQuote\\\\\\\": true,\\\\n    \\\\\\\"typescript.preferences.quoteStyle\\\\\\\": \\\\\\\"single\\\\\\\",\\\\n    \\\\\\\"javascript.preferences.quoteStyle\\\\\\\": \\\\\\\"single\\\\\\\",\\\\n    \\\\\\\"css.lint.duplicateProperties\\\\\\\": \\\\\\\"error\\\\\\\",\\\\n    \\\\\\\"explorer.confirmDragAndDrop\\\\\\\": false,\\\\n    \\\\\\\"javascript.updateImportsOnFileMove.enabled\\\\\\\": \\\\\\\"always\\\\\\\",\\\\n    \\\\\\\"workbench.startupEditor\\\\\\\": \\\\\\\"newUntitledFile\\\\\\\",\\\\n    \\\\\\\"beautify.ignore\\\\\\\": \\\\\\\"\\\\\\\",\\\\n    \\\\\\\"prettier.tabWidth\\\\\\\": 4\\\\n}\\\"}\"}"}